group,N,n,batch_size,stage,a,b,c,d,stage_triton_ms,total_chain_triton_ms
group2,512,9,2,0,256,2,2,1,0.036807,0.342557
group2,512,9,2,1,128,2,2,2,0.036913,
group2,512,9,2,2,64,2,2,4,0.037718,
group2,512,9,2,3,32,2,2,8,0.037297,
group2,512,9,2,4,16,2,2,16,0.037261,
group2,512,9,2,5,8,2,2,32,0.036862,
group2,512,9,2,6,4,2,2,64,0.037071,
group2,512,9,2,7,2,2,2,128,0.036890,
group2,512,9,2,8,1,2,2,256,0.037569,
group2,512,9,4,0,256,2,2,1,0.037187,0.342264
group2,512,9,4,1,128,2,2,2,0.037251,
group2,512,9,4,2,64,2,2,4,0.036991,
group2,512,9,4,3,32,2,2,8,0.037104,
group2,512,9,4,4,16,2,2,16,0.037008,
group2,512,9,4,5,8,2,2,32,0.036842,
group2,512,9,4,6,4,2,2,64,0.037062,
group2,512,9,4,7,2,2,2,128,0.036860,
group2,512,9,4,8,1,2,2,256,0.037255,
group2,512,9,8,0,256,2,2,1,0.037189,0.345982
group2,512,9,8,1,128,2,2,2,0.037255,
group2,512,9,8,2,64,2,2,4,0.036954,
group2,512,9,8,3,32,2,2,8,0.036545,
group2,512,9,8,4,16,2,2,16,0.036973,
group2,512,9,8,5,8,2,2,32,0.036465,
group2,512,9,8,6,4,2,2,64,0.037578,
group2,512,9,8,7,2,2,2,128,0.037481,
group2,512,9,8,8,1,2,2,256,0.037513,
group2,512,9,16,0,256,2,2,1,0.037462,0.344003
group2,512,9,16,1,128,2,2,2,0.038613,
group2,512,9,16,2,64,2,2,4,0.036766,
group2,512,9,16,3,32,2,2,8,0.037462,
group2,512,9,16,4,16,2,2,16,0.037211,
group2,512,9,16,5,8,2,2,32,0.037210,
group2,512,9,16,6,4,2,2,64,0.037188,
group2,512,9,16,7,2,2,2,128,0.037579,
group2,512,9,16,8,1,2,2,256,0.037172,
group2,512,9,32,0,256,2,2,1,0.038297,0.346422
group2,512,9,32,1,128,2,2,2,0.037621,
group2,512,9,32,2,64,2,2,4,0.037609,
group2,512,9,32,3,32,2,2,8,0.037347,
group2,512,9,32,4,16,2,2,16,0.037204,
group2,512,9,32,5,8,2,2,32,0.037865,
group2,512,9,32,6,4,2,2,64,0.037407,
group2,512,9,32,7,2,2,2,128,0.037333,
group2,512,9,32,8,1,2,2,256,0.037718,
group2,512,9,64,0,256,2,2,1,0.037642,0.348943
group2,512,9,64,1,128,2,2,2,0.037447,
group2,512,9,64,2,64,2,2,4,0.037753,
group2,512,9,64,3,32,2,2,8,0.037620,
group2,512,9,64,4,16,2,2,16,0.037565,
group2,512,9,64,5,8,2,2,32,0.037384,
group2,512,9,64,6,4,2,2,64,0.037662,
group2,512,9,64,7,2,2,2,128,0.037684,
group2,512,9,64,8,1,2,2,256,0.037359,
group2,512,9,128,0,256,2,2,1,0.037058,0.346921
group2,512,9,128,1,128,2,2,2,0.037214,
group2,512,9,128,2,64,2,2,4,0.036880,
group2,512,9,128,3,32,2,2,8,0.037237,
group2,512,9,128,4,16,2,2,16,0.036984,
group2,512,9,128,5,8,2,2,32,0.037483,
group2,512,9,128,6,4,2,2,64,0.037334,
group2,512,9,128,7,2,2,2,128,0.037470,
group2,512,9,128,8,1,2,2,256,0.037340,
group2,512,9,256,0,256,2,2,1,0.038296,0.349794
group2,512,9,256,1,128,2,2,2,0.038121,
group2,512,9,256,2,64,2,2,4,0.037574,
group2,512,9,256,3,32,2,2,8,0.037884,
group2,512,9,256,4,16,2,2,16,0.037929,
group2,512,9,256,5,8,2,2,32,0.038080,
group2,512,9,256,6,4,2,2,64,0.037672,
group2,512,9,256,7,2,2,2,128,0.037573,
group2,512,9,256,8,1,2,2,256,0.038041,
group2,512,9,512,0,256,2,2,1,0.037891,0.350589
group2,512,9,512,1,128,2,2,2,0.038044,
group2,512,9,512,2,64,2,2,4,0.037788,
group2,512,9,512,3,32,2,2,8,0.038115,
group2,512,9,512,4,16,2,2,16,0.037513,
group2,512,9,512,5,8,2,2,32,0.038235,
group2,512,9,512,6,4,2,2,64,0.037643,
group2,512,9,512,7,2,2,2,128,0.037935,
group2,512,9,512,8,1,2,2,256,0.037648,
group2,512,9,1024,0,256,2,2,1,0.037597,0.355914
group2,512,9,1024,1,128,2,2,2,0.037779,
group2,512,9,1024,2,64,2,2,4,0.038153,
group2,512,9,1024,3,32,2,2,8,0.038303,
group2,512,9,1024,4,16,2,2,16,0.038005,
group2,512,9,1024,5,8,2,2,32,0.038294,
group2,512,9,1024,6,4,2,2,64,0.037778,
group2,512,9,1024,7,2,2,2,128,0.037800,
group2,512,9,1024,8,1,2,2,256,0.039009,
group2,512,9,2048,0,256,2,2,1,0.049421,0.464674
group2,512,9,2048,1,128,2,2,2,0.049654,
group2,512,9,2048,2,64,2,2,4,0.049670,
group2,512,9,2048,3,32,2,2,8,0.049678,
group2,512,9,2048,4,16,2,2,16,0.049682,
group2,512,9,2048,5,8,2,2,32,0.049723,
group2,512,9,2048,6,4,2,2,64,0.049662,
group2,512,9,2048,7,2,2,2,128,0.049792,
group2,512,9,2048,8,1,2,2,256,0.049721,
group2,512,9,4096,0,256,2,2,1,0.084414,0.784700
group2,512,9,4096,1,128,2,2,2,0.085256,
group2,512,9,4096,2,64,2,2,4,0.085276,
group2,512,9,4096,3,32,2,2,8,0.085275,
group2,512,9,4096,4,16,2,2,16,0.085300,
group2,512,9,4096,5,8,2,2,32,0.085261,
group2,512,9,4096,6,4,2,2,64,0.085299,
group2,512,9,4096,7,2,2,2,128,0.085267,
group2,512,9,4096,8,1,2,2,256,0.085300,
group2,1024,10,2,0,512,2,2,1,0.037694,0.385211
group2,1024,10,2,1,256,2,2,2,0.037602,
group2,1024,10,2,2,128,2,2,4,0.037322,
group2,1024,10,2,3,64,2,2,8,0.037676,
group2,1024,10,2,4,32,2,2,16,0.037495,
group2,1024,10,2,5,16,2,2,32,0.037547,
group2,1024,10,2,6,8,2,2,64,0.037708,
group2,1024,10,2,7,4,2,2,128,0.037735,
group2,1024,10,2,8,2,2,2,256,0.037726,
group2,1024,10,2,9,1,2,2,512,0.037501,
group2,1024,10,4,0,512,2,2,1,0.037523,0.387195
group2,1024,10,4,1,256,2,2,2,0.037420,
group2,1024,10,4,2,128,2,2,4,0.037335,
group2,1024,10,4,3,64,2,2,8,0.037340,
group2,1024,10,4,4,32,2,2,16,0.037393,
group2,1024,10,4,5,16,2,2,32,0.037446,
group2,1024,10,4,6,8,2,2,64,0.037778,
group2,1024,10,4,7,4,2,2,128,0.037218,
group2,1024,10,4,8,2,2,2,256,0.037374,
group2,1024,10,4,9,1,2,2,512,0.037618,
group2,1024,10,8,0,512,2,2,1,0.037938,0.388282
group2,1024,10,8,1,256,2,2,2,0.037524,
group2,1024,10,8,2,128,2,2,4,0.037729,
group2,1024,10,8,3,64,2,2,8,0.037701,
group2,1024,10,8,4,32,2,2,16,0.037684,
group2,1024,10,8,5,16,2,2,32,0.037427,
group2,1024,10,8,6,8,2,2,64,0.037652,
group2,1024,10,8,7,4,2,2,128,0.037259,
group2,1024,10,8,8,2,2,2,256,0.037967,
group2,1024,10,8,9,1,2,2,512,0.037684,
group2,1024,10,16,0,512,2,2,1,0.038109,0.403989
group2,1024,10,16,1,256,2,2,2,0.037386,
group2,1024,10,16,2,128,2,2,4,0.037641,
group2,1024,10,16,3,64,2,2,8,0.037517,
group2,1024,10,16,4,32,2,2,16,0.037544,
group2,1024,10,16,5,16,2,2,32,0.037387,
group2,1024,10,16,6,8,2,2,64,0.037531,
group2,1024,10,16,7,4,2,2,128,0.037642,
group2,1024,10,16,8,2,2,2,256,0.037449,
group2,1024,10,16,9,1,2,2,512,0.037564,
group2,1024,10,32,0,512,2,2,1,0.037910,0.385583
group2,1024,10,32,1,256,2,2,2,0.037554,
group2,1024,10,32,2,128,2,2,4,0.037510,
group2,1024,10,32,3,64,2,2,8,0.038068,
group2,1024,10,32,4,32,2,2,16,0.038375,
group2,1024,10,32,5,16,2,2,32,0.038318,
group2,1024,10,32,6,8,2,2,64,0.038234,
group2,1024,10,32,7,4,2,2,128,0.038240,
group2,1024,10,32,8,2,2,2,256,0.038088,
group2,1024,10,32,9,1,2,2,512,0.037425,
group2,1024,10,64,0,512,2,2,1,0.038174,0.390464
group2,1024,10,64,1,256,2,2,2,0.037567,
group2,1024,10,64,2,128,2,2,4,0.038054,
group2,1024,10,64,3,64,2,2,8,0.037696,
group2,1024,10,64,4,32,2,2,16,0.038066,
group2,1024,10,64,5,16,2,2,32,0.037850,
group2,1024,10,64,6,8,2,2,64,0.038214,
group2,1024,10,64,7,4,2,2,128,0.037732,
group2,1024,10,64,8,2,2,2,256,0.038117,
group2,1024,10,64,9,1,2,2,512,0.037752,
group2,1024,10,128,0,512,2,2,1,0.037962,0.390034
group2,1024,10,128,1,256,2,2,2,0.037738,
group2,1024,10,128,2,128,2,2,4,0.037839,
group2,1024,10,128,3,64,2,2,8,0.037892,
group2,1024,10,128,4,32,2,2,16,0.037686,
group2,1024,10,128,5,16,2,2,32,0.037944,
group2,1024,10,128,6,8,2,2,64,0.037948,
group2,1024,10,128,7,4,2,2,128,0.038056,
group2,1024,10,128,8,2,2,2,256,0.038041,
group2,1024,10,128,9,1,2,2,512,0.038257,
group2,1024,10,256,0,512,2,2,1,0.038330,0.386025
group2,1024,10,256,1,256,2,2,2,0.037486,
group2,1024,10,256,2,128,2,2,4,0.037747,
group2,1024,10,256,3,64,2,2,8,0.037876,
group2,1024,10,256,4,32,2,2,16,0.037808,
group2,1024,10,256,5,16,2,2,32,0.037901,
group2,1024,10,256,6,8,2,2,64,0.037868,
group2,1024,10,256,7,4,2,2,128,0.037527,
group2,1024,10,256,8,2,2,2,256,0.037713,
group2,1024,10,256,9,1,2,2,512,0.037511,
group2,1024,10,512,0,512,2,2,1,0.038351,0.389436
group2,1024,10,512,1,256,2,2,2,0.038514,
group2,1024,10,512,2,128,2,2,4,0.040953,
group2,1024,10,512,3,64,2,2,8,0.038781,
group2,1024,10,512,4,32,2,2,16,0.037971,
group2,1024,10,512,5,16,2,2,32,0.037989,
group2,1024,10,512,6,8,2,2,64,0.037845,
group2,1024,10,512,7,4,2,2,128,0.038414,
group2,1024,10,512,8,2,2,2,256,0.037828,
group2,1024,10,512,9,1,2,2,512,0.037977,
group2,1024,10,1024,0,512,2,2,1,0.050411,0.523046
group2,1024,10,1024,1,256,2,2,2,0.050778,
group2,1024,10,1024,2,128,2,2,4,0.050766,
group2,1024,10,1024,3,64,2,2,8,0.050776,
group2,1024,10,1024,4,32,2,2,16,0.050746,
group2,1024,10,1024,5,16,2,2,32,0.050781,
group2,1024,10,1024,6,8,2,2,64,0.050756,
group2,1024,10,1024,7,4,2,2,128,0.050795,
group2,1024,10,1024,8,2,2,2,256,0.050778,
group2,1024,10,1024,9,1,2,2,512,0.050768,
group2,1024,10,2048,0,512,2,2,1,0.083867,0.869773
group2,1024,10,2048,1,256,2,2,2,0.084657,
group2,1024,10,2048,2,128,2,2,4,0.085193,
group2,1024,10,2048,3,64,2,2,8,0.085267,
group2,1024,10,2048,4,32,2,2,16,0.085268,
group2,1024,10,2048,5,16,2,2,32,0.085257,
group2,1024,10,2048,6,8,2,2,64,0.085225,
group2,1024,10,2048,7,4,2,2,128,0.085294,
group2,1024,10,2048,8,2,2,2,256,0.085238,
group2,1024,10,2048,9,1,2,2,512,0.085342,
group2,1024,10,4096,0,512,2,2,1,0.157781,1.613608
group2,1024,10,4096,1,256,2,2,2,0.159256,
group2,1024,10,4096,2,128,2,2,4,0.159236,
group2,1024,10,4096,3,64,2,2,8,0.159528,
group2,1024,10,4096,4,32,2,2,16,0.159523,
group2,1024,10,4096,5,16,2,2,32,0.159495,
group2,1024,10,4096,6,8,2,2,64,0.159540,
group2,1024,10,4096,7,4,2,2,128,0.159516,
group2,1024,10,4096,8,2,2,2,256,0.159534,
group2,1024,10,4096,9,1,2,2,512,0.159602,
group2,2048,11,2,0,1024,2,2,1,0.037718,0.426183
group2,2048,11,2,1,512,2,2,2,0.037987,
group2,2048,11,2,2,256,2,2,4,0.038317,
group2,2048,11,2,3,128,2,2,8,0.037173,
group2,2048,11,2,4,64,2,2,16,0.038080,
group2,2048,11,2,5,32,2,2,32,0.037648,
group2,2048,11,2,6,16,2,2,64,0.038085,
group2,2048,11,2,7,8,2,2,128,0.037242,
group2,2048,11,2,8,4,2,2,256,0.037556,
group2,2048,11,2,9,2,2,2,512,0.037556,
group2,2048,11,2,10,1,2,2,1024,0.038088,
group2,2048,11,4,0,1024,2,2,1,0.037471,0.426822
group2,2048,11,4,1,512,2,2,2,0.037637,
group2,2048,11,4,2,256,2,2,4,0.037743,
group2,2048,11,4,3,128,2,2,8,0.037310,
group2,2048,11,4,4,64,2,2,16,0.037784,
group2,2048,11,4,5,32,2,2,32,0.037419,
group2,2048,11,4,6,16,2,2,64,0.037456,
group2,2048,11,4,7,8,2,2,128,0.037230,
group2,2048,11,4,8,4,2,2,256,0.037403,
group2,2048,11,4,9,2,2,2,512,0.037384,
group2,2048,11,4,10,1,2,2,1024,0.037337,
group2,2048,11,8,0,1024,2,2,1,0.037345,0.424874
group2,2048,11,8,1,512,2,2,2,0.037571,
group2,2048,11,8,2,256,2,2,4,0.037462,
group2,2048,11,8,3,128,2,2,8,0.037547,
group2,2048,11,8,4,64,2,2,16,0.037331,
group2,2048,11,8,5,32,2,2,32,0.037370,
group2,2048,11,8,6,16,2,2,64,0.037527,
group2,2048,11,8,7,8,2,2,128,0.037251,
group2,2048,11,8,8,4,2,2,256,0.037377,
group2,2048,11,8,9,2,2,2,512,0.037471,
group2,2048,11,8,10,1,2,2,1024,0.037573,
group2,2048,11,16,0,1024,2,2,1,0.037602,0.422128
group2,2048,11,16,1,512,2,2,2,0.037643,
group2,2048,11,16,2,256,2,2,4,0.037594,
group2,2048,11,16,3,128,2,2,8,0.037017,
group2,2048,11,16,4,64,2,2,16,0.037768,
group2,2048,11,16,5,32,2,2,32,0.037039,
group2,2048,11,16,6,16,2,2,64,0.037827,
group2,2048,11,16,7,8,2,2,128,0.037211,
group2,2048,11,16,8,4,2,2,256,0.037390,
group2,2048,11,16,9,2,2,2,512,0.037283,
group2,2048,11,16,10,1,2,2,1024,0.037682,
group2,2048,11,32,0,1024,2,2,1,0.037956,0.423913
group2,2048,11,32,1,512,2,2,2,0.037863,
group2,2048,11,32,2,256,2,2,4,0.037850,
group2,2048,11,32,3,128,2,2,8,0.037243,
group2,2048,11,32,4,64,2,2,16,0.038459,
group2,2048,11,32,5,32,2,2,32,0.038014,
group2,2048,11,32,6,16,2,2,64,0.038395,
group2,2048,11,32,7,8,2,2,128,0.037897,
group2,2048,11,32,8,4,2,2,256,0.038253,
group2,2048,11,32,9,2,2,2,512,0.037798,
group2,2048,11,32,10,1,2,2,1024,0.037723,
group2,2048,11,64,0,1024,2,2,1,0.038257,0.431117
group2,2048,11,64,1,512,2,2,2,0.037968,
group2,2048,11,64,2,256,2,2,4,0.037800,
group2,2048,11,64,3,128,2,2,8,0.037650,
group2,2048,11,64,4,64,2,2,16,0.037789,
group2,2048,11,64,5,32,2,2,32,0.037780,
group2,2048,11,64,6,16,2,2,64,0.037920,
group2,2048,11,64,7,8,2,2,128,0.037888,
group2,2048,11,64,8,4,2,2,256,0.037587,
group2,2048,11,64,9,2,2,2,512,0.037994,
group2,2048,11,64,10,1,2,2,1024,0.038066,
group2,2048,11,128,0,1024,2,2,1,0.037722,0.427307
group2,2048,11,128,1,512,2,2,2,0.037607,
group2,2048,11,128,2,256,2,2,4,0.037645,
group2,2048,11,128,3,128,2,2,8,0.037548,
group2,2048,11,128,4,64,2,2,16,0.037440,
group2,2048,11,128,5,32,2,2,32,0.037640,
group2,2048,11,128,6,16,2,2,64,0.037336,
group2,2048,11,128,7,8,2,2,128,0.037510,
group2,2048,11,128,8,4,2,2,256,0.037269,
group2,2048,11,128,9,2,2,2,512,0.037696,
group2,2048,11,128,10,1,2,2,1024,0.037493,
group2,2048,11,256,0,1024,2,2,1,0.038143,0.431318
group2,2048,11,256,1,512,2,2,2,0.038133,
group2,2048,11,256,2,256,2,2,4,0.038175,
group2,2048,11,256,3,128,2,2,8,0.038072,
group2,2048,11,256,4,64,2,2,16,0.038326,
group2,2048,11,256,5,32,2,2,32,0.038011,
group2,2048,11,256,6,16,2,2,64,0.038367,
group2,2048,11,256,7,8,2,2,128,0.038027,
group2,2048,11,256,8,4,2,2,256,0.038138,
group2,2048,11,256,9,2,2,2,512,0.038044,
group2,2048,11,256,10,1,2,2,1024,0.038375,
group2,2048,11,512,0,1024,2,2,1,0.049916,0.565477
group2,2048,11,512,1,512,2,2,2,0.050239,
group2,2048,11,512,2,256,2,2,4,0.050242,
group2,2048,11,512,3,128,2,2,8,0.050274,
group2,2048,11,512,4,64,2,2,16,0.050221,
group2,2048,11,512,5,32,2,2,32,0.050245,
group2,2048,11,512,6,16,2,2,64,0.050254,
group2,2048,11,512,7,8,2,2,128,0.050276,
group2,2048,11,512,8,4,2,2,256,0.050257,
group2,2048,11,512,9,2,2,2,512,0.050247,
group2,2048,11,512,10,1,2,2,1024,0.050256,
group2,2048,11,1024,0,1024,2,2,1,0.083848,0.948470
group2,2048,11,1024,1,512,2,2,2,0.084733,
group2,2048,11,1024,2,256,2,2,4,0.084694,
group2,2048,11,1024,3,128,2,2,8,0.084704,
group2,2048,11,1024,4,64,2,2,16,0.084702,
group2,2048,11,1024,5,32,2,2,32,0.084713,
group2,2048,11,1024,6,16,2,2,64,0.084700,
group2,2048,11,1024,7,8,2,2,128,0.084724,
group2,2048,11,1024,8,4,2,2,256,0.084728,
group2,2048,11,1024,9,2,2,2,512,0.084688,
group2,2048,11,1024,10,1,2,2,1024,0.084712,
group2,2048,11,2048,0,1024,2,2,1,0.156757,1.764291
group2,2048,11,2048,1,512,2,2,2,0.158419,
group2,2048,11,2048,2,256,2,2,4,0.158550,
group2,2048,11,2048,3,128,2,2,8,0.158473,
group2,2048,11,2048,4,64,2,2,16,0.158529,
group2,2048,11,2048,5,32,2,2,32,0.158485,
group2,2048,11,2048,6,16,2,2,64,0.158553,
group2,2048,11,2048,7,8,2,2,128,0.158426,
group2,2048,11,2048,8,4,2,2,256,0.158506,
group2,2048,11,2048,9,2,2,2,512,0.158446,
group2,2048,11,2048,10,1,2,2,1024,0.158570,
group2,2048,11,4096,0,1024,2,2,1,0.306168,3.480279
group2,2048,11,4096,1,512,2,2,2,0.309054,
group2,2048,11,4096,2,256,2,2,4,0.309243,
group2,2048,11,4096,3,128,2,2,8,0.308744,
group2,2048,11,4096,4,64,2,2,16,0.309488,
group2,2048,11,4096,5,32,2,2,32,0.309564,
group2,2048,11,4096,6,16,2,2,64,0.309007,
group2,2048,11,4096,7,8,2,2,128,0.309491,
group2,2048,11,4096,8,4,2,2,256,0.309012,
group2,2048,11,4096,9,2,2,2,512,0.309511,
group2,2048,11,4096,10,1,2,2,1024,0.309011,
group2,4096,12,2,0,2048,2,2,1,0.037904,0.463222
group2,4096,12,2,1,1024,2,2,2,0.037698,
group2,4096,12,2,2,512,2,2,4,0.037625,
group2,4096,12,2,3,256,2,2,8,0.037554,
group2,4096,12,2,4,128,2,2,16,0.037573,
group2,4096,12,2,5,64,2,2,32,0.037314,
group2,4096,12,2,6,32,2,2,64,0.037701,
group2,4096,12,2,7,16,2,2,128,0.037847,
group2,4096,12,2,8,8,2,2,256,0.037797,
group2,4096,12,2,9,4,2,2,512,0.037909,
group2,4096,12,2,10,2,2,2,1024,0.037561,
group2,4096,12,2,11,1,2,2,2048,0.038009,
group2,4096,12,4,0,2048,2,2,1,0.038021,0.461549
group2,4096,12,4,1,1024,2,2,2,0.037792,
group2,4096,12,4,2,512,2,2,4,0.037610,
group2,4096,12,4,3,256,2,2,8,0.037579,
group2,4096,12,4,4,128,2,2,16,0.037469,
group2,4096,12,4,5,64,2,2,32,0.037699,
group2,4096,12,4,6,32,2,2,64,0.037582,
group2,4096,12,4,7,16,2,2,128,0.037706,
group2,4096,12,4,8,8,2,2,256,0.037443,
group2,4096,12,4,9,4,2,2,512,0.037469,
group2,4096,12,4,10,2,2,2,1024,0.037641,
group2,4096,12,4,11,1,2,2,2048,0.037944,
group2,4096,12,8,0,2048,2,2,1,0.037414,0.460847
group2,4096,12,8,1,1024,2,2,2,0.037660,
group2,4096,12,8,2,512,2,2,4,0.037476,
group2,4096,12,8,3,256,2,2,8,0.037616,
group2,4096,12,8,4,128,2,2,16,0.037253,
group2,4096,12,8,5,64,2,2,32,0.037238,
group2,4096,12,8,6,32,2,2,64,0.037870,
group2,4096,12,8,7,16,2,2,128,0.038162,
group2,4096,12,8,8,8,2,2,256,0.038271,
group2,4096,12,8,9,4,2,2,512,0.038422,
group2,4096,12,8,10,2,2,2,1024,0.038323,
group2,4096,12,8,11,1,2,2,2048,0.037485,
group2,4096,12,16,0,2048,2,2,1,0.037832,0.468206
group2,4096,12,16,1,1024,2,2,2,0.037726,
group2,4096,12,16,2,512,2,2,4,0.038178,
group2,4096,12,16,3,256,2,2,8,0.037796,
group2,4096,12,16,4,128,2,2,16,0.037943,
group2,4096,12,16,5,64,2,2,32,0.037888,
group2,4096,12,16,6,32,2,2,64,0.037977,
group2,4096,12,16,7,16,2,2,128,0.037890,
group2,4096,12,16,8,8,2,2,256,0.037934,
group2,4096,12,16,9,4,2,2,512,0.037738,
group2,4096,12,16,10,2,2,2,1024,0.037783,
group2,4096,12,16,11,1,2,2,2048,0.038080,
group2,4096,12,32,0,2048,2,2,1,0.038490,0.489189
group2,4096,12,32,1,1024,2,2,2,0.038076,
group2,4096,12,32,2,512,2,2,4,0.037781,
group2,4096,12,32,3,256,2,2,8,0.037910,
group2,4096,12,32,4,128,2,2,16,0.038345,
group2,4096,12,32,5,64,2,2,32,0.037673,
group2,4096,12,32,6,32,2,2,64,0.038321,
group2,4096,12,32,7,16,2,2,128,0.037504,
group2,4096,12,32,8,8,2,2,256,0.038048,
group2,4096,12,32,9,4,2,2,512,0.038208,
group2,4096,12,32,10,2,2,2,1024,0.038107,
group2,4096,12,32,11,1,2,2,2048,0.037941,
group2,4096,12,64,0,2048,2,2,1,0.038027,0.464024
group2,4096,12,64,1,1024,2,2,2,0.038031,
group2,4096,12,64,2,512,2,2,4,0.038303,
group2,4096,12,64,3,256,2,2,8,0.038107,
group2,4096,12,64,4,128,2,2,16,0.037699,
group2,4096,12,64,5,64,2,2,32,0.037849,
group2,4096,12,64,6,32,2,2,64,0.037821,
group2,4096,12,64,7,16,2,2,128,0.037905,
group2,4096,12,64,8,8,2,2,256,0.040308,
group2,4096,12,64,9,4,2,2,512,0.038067,
group2,4096,12,64,10,2,2,2,1024,0.037780,
group2,4096,12,64,11,1,2,2,2048,0.037904,
group2,4096,12,128,0,2048,2,2,1,0.038405,0.465663
group2,4096,12,128,1,1024,2,2,2,0.038186,
group2,4096,12,128,2,512,2,2,4,0.038080,
group2,4096,12,128,3,256,2,2,8,0.038228,
group2,4096,12,128,4,128,2,2,16,0.037211,
group2,4096,12,128,5,64,2,2,32,0.037894,
group2,4096,12,128,6,32,2,2,64,0.037922,
group2,4096,12,128,7,16,2,2,128,0.038298,
group2,4096,12,128,8,8,2,2,256,0.037811,
group2,4096,12,128,9,4,2,2,512,0.038250,
group2,4096,12,128,10,2,2,2,1024,0.038058,
group2,4096,12,128,11,1,2,2,2048,0.038334,
group2,4096,12,256,0,2048,2,2,1,0.049923,0.622623
group2,4096,12,256,1,1024,2,2,2,0.050348,
group2,4096,12,256,2,512,2,2,4,0.050328,
group2,4096,12,256,3,256,2,2,8,0.050358,
group2,4096,12,256,4,128,2,2,16,0.050347,
group2,4096,12,256,5,64,2,2,32,0.050336,
group2,4096,12,256,6,32,2,2,64,0.050307,
group2,4096,12,256,7,16,2,2,128,0.050346,
group2,4096,12,256,8,8,2,2,256,0.050321,
group2,4096,12,256,9,4,2,2,512,0.050357,
group2,4096,12,256,10,2,2,2,1024,0.050332,
group2,4096,12,256,11,1,2,2,2048,0.050317,
group2,4096,12,512,0,2048,2,2,1,0.083979,1.042627
group2,4096,12,512,1,1024,2,2,2,0.085258,
group2,4096,12,512,2,512,2,2,4,0.085451,
group2,4096,12,512,3,256,2,2,8,0.084923,
group2,4096,12,512,4,128,2,2,16,0.085237,
group2,4096,12,512,5,64,2,2,32,0.084901,
group2,4096,12,512,6,32,2,2,64,0.085266,
group2,4096,12,512,7,16,2,2,128,0.084895,
group2,4096,12,512,8,8,2,2,256,0.085289,
group2,4096,12,512,9,4,2,2,512,0.084903,
group2,4096,12,512,10,2,2,2,1024,0.085304,
group2,4096,12,512,11,1,2,2,2048,0.084899,
group2,4096,12,1024,0,2048,2,2,1,0.158883,1.940072
group2,4096,12,1024,1,1024,2,2,2,0.159200,
group2,4096,12,1024,2,512,2,2,4,0.159006,
group2,4096,12,1024,3,256,2,2,8,0.160464,
group2,4096,12,1024,4,128,2,2,16,0.158791,
group2,4096,12,1024,5,64,2,2,32,0.158779,
group2,4096,12,1024,6,32,2,2,64,0.158798,
group2,4096,12,1024,7,16,2,2,128,0.158794,
group2,4096,12,1024,8,8,2,2,256,0.158784,
group2,4096,12,1024,9,4,2,2,512,0.158837,
group2,4096,12,1024,10,2,2,2,1024,0.158800,
group2,4096,12,1024,11,1,2,2,2048,0.158891,
group2,4096,12,2048,0,2048,2,2,1,0.306904,3.813227
group2,4096,12,2048,1,1024,2,2,2,0.310596,
group2,4096,12,2048,2,512,2,2,4,0.310694,
group2,4096,12,2048,3,256,2,2,8,0.312048,
group2,4096,12,2048,4,128,2,2,16,0.313218,
group2,4096,12,2048,5,64,2,2,32,0.314218,
group2,4096,12,2048,6,32,2,2,64,0.313496,
group2,4096,12,2048,7,16,2,2,128,0.314216,
group2,4096,12,2048,8,8,2,2,256,0.313459,
group2,4096,12,2048,9,4,2,2,512,0.314038,
group2,4096,12,2048,10,2,2,2,1024,0.313474,
group2,4096,12,2048,11,1,2,2,2048,0.314170,
group2,4096,12,4096,0,2048,2,2,1,0.609570,7.556204
group2,4096,12,4096,1,1024,2,2,2,0.618228,
group2,4096,12,4096,2,512,2,2,4,0.618914,
group2,4096,12,4096,3,256,2,2,8,0.618327,
group2,4096,12,4096,4,128,2,2,16,0.618882,
group2,4096,12,4096,5,64,2,2,32,0.616589,
group2,4096,12,4096,6,32,2,2,64,0.617973,
group2,4096,12,4096,7,16,2,2,128,0.616836,
group2,4096,12,4096,8,8,2,2,256,0.618367,
group2,4096,12,4096,9,4,2,2,512,0.616806,
group2,4096,12,4096,10,2,2,2,1024,0.618220,
group2,4096,12,4096,11,1,2,2,2048,0.619951,
