group,N,n,batch_size,stage,a,b,c,d,stage_triton_ms,stage_bmm_ms,total_chain_triton_ms,total_chain_bmm_ms
group2,512,9,2,0,256,2,2,1,0.082921,0.063969,0.772452,0.907166
group2,512,9,2,1,128,2,2,2,0.082771,0.099617,,
group2,512,9,2,2,64,2,2,4,0.082680,0.099584,,
group2,512,9,2,3,32,2,2,8,0.082368,0.099355,,
group2,512,9,2,4,16,2,2,16,0.082764,0.099410,,
group2,512,9,2,5,8,2,2,32,0.082737,0.099110,,
group2,512,9,2,6,4,2,2,64,0.082620,0.099361,,
group2,512,9,2,7,2,2,2,128,0.082467,0.099614,,
group2,512,9,2,8,1,2,2,256,0.082309,0.103792,,
group2,512,9,4,0,256,2,2,1,0.083203,0.063243,0.772819,0.908494
group2,512,9,4,1,128,2,2,2,0.082807,0.098598,,
group2,512,9,4,2,64,2,2,4,0.082797,0.099380,,
group2,512,9,4,3,32,2,2,8,0.082567,0.099109,,
group2,512,9,4,4,16,2,2,16,0.082824,0.099402,,
group2,512,9,4,5,8,2,2,32,0.082680,0.099117,,
group2,512,9,4,6,4,2,2,64,0.083219,0.099929,,
group2,512,9,4,7,2,2,2,128,0.082790,0.099127,,
group2,512,9,4,8,1,2,2,256,0.082797,0.103125,,
group2,512,9,8,0,256,2,2,1,0.083303,0.063473,0.771768,0.909482
group2,512,9,8,1,128,2,2,2,0.082951,0.099447,,
group2,512,9,8,2,64,2,2,4,0.082716,0.099243,,
group2,512,9,8,3,32,2,2,8,0.082761,0.099155,,
group2,512,9,8,4,16,2,2,16,0.082707,0.099415,,
group2,512,9,8,5,8,2,2,32,0.082861,0.098974,,
group2,512,9,8,6,4,2,2,64,0.082925,0.098954,,
group2,512,9,8,7,2,2,2,128,0.082681,0.098800,,
group2,512,9,8,8,1,2,2,256,0.082670,0.102825,,
group2,512,9,16,0,256,2,2,1,0.083257,0.063866,0.781226,0.917714
group2,512,9,16,1,128,2,2,2,0.083664,0.099820,,
group2,512,9,16,2,64,2,2,4,0.082979,0.099797,,
group2,512,9,16,3,32,2,2,8,0.083263,0.099956,,
group2,512,9,16,4,16,2,2,16,0.083513,0.099892,,
group2,512,9,16,5,8,2,2,32,0.083176,0.099975,,
group2,512,9,16,6,4,2,2,64,0.083355,0.099978,,
group2,512,9,16,7,2,2,2,128,0.083442,0.099691,,
group2,512,9,16,8,1,2,2,256,0.083680,0.103581,,
group2,512,9,32,0,256,2,2,1,0.082975,0.063347,0.777271,0.913867
group2,512,9,32,1,128,2,2,2,0.083742,0.099073,,
group2,512,9,32,2,64,2,2,4,0.083095,0.099539,,
group2,512,9,32,3,32,2,2,8,0.082884,0.099513,,
group2,512,9,32,4,16,2,2,16,0.082908,0.099765,,
group2,512,9,32,5,8,2,2,32,0.082861,0.099519,,
group2,512,9,32,6,4,2,2,64,0.082981,0.099751,,
group2,512,9,32,7,2,2,2,128,0.082954,0.099282,,
group2,512,9,32,8,1,2,2,256,0.082879,0.103506,,
group2,512,9,64,0,256,2,2,1,0.083478,0.063221,0.776856,0.908111
group2,512,9,64,1,128,2,2,2,0.083440,0.098504,,
group2,512,9,64,2,64,2,2,4,0.083130,0.099134,,
group2,512,9,64,3,32,2,2,8,0.083109,0.098872,,
group2,512,9,64,4,16,2,2,16,0.083081,0.099096,,
group2,512,9,64,5,8,2,2,32,0.083041,0.098883,,
group2,512,9,64,6,4,2,2,64,0.083053,0.099046,,
group2,512,9,64,7,2,2,2,128,0.082826,0.098796,,
group2,512,9,64,8,1,2,2,256,0.082966,0.102995,,
group2,512,9,128,0,256,2,2,1,0.082734,0.062792,0.767582,0.896614
group2,512,9,128,1,128,2,2,2,0.082806,0.099306,,
group2,512,9,128,2,64,2,2,4,0.082767,0.099119,,
group2,512,9,128,3,32,2,2,8,0.082585,0.099081,,
group2,512,9,128,4,16,2,2,16,0.083223,0.099140,,
group2,512,9,128,5,8,2,2,32,0.082576,0.099149,,
group2,512,9,128,6,4,2,2,64,0.082688,0.100009,,
group2,512,9,128,7,2,2,2,128,0.082536,0.099904,,
group2,512,9,128,8,1,2,2,256,0.082990,0.102619,,
group2,512,9,256,0,256,2,2,1,0.082955,0.062595,0.774692,0.907229
group2,512,9,256,1,128,2,2,2,0.083188,0.099308,,
group2,512,9,256,2,64,2,2,4,0.082916,0.099718,,
group2,512,9,256,3,32,2,2,8,0.082803,0.098977,,
group2,512,9,256,4,16,2,2,16,0.082848,0.099666,,
group2,512,9,256,5,8,2,2,32,0.083003,0.098824,,
group2,512,9,256,6,4,2,2,64,0.082888,0.099732,,
group2,512,9,256,7,2,2,2,128,0.082841,0.099162,,
group2,512,9,256,8,1,2,2,256,0.083029,0.102741,,
group2,512,9,512,0,256,2,2,1,0.083632,0.062555,0.777612,0.903627
group2,512,9,512,1,128,2,2,2,0.083670,0.098462,,
group2,512,9,512,2,64,2,2,4,0.083159,0.098683,,
group2,512,9,512,3,32,2,2,8,0.083402,0.098568,,
group2,512,9,512,4,16,2,2,16,0.083038,0.098686,,
group2,512,9,512,5,8,2,2,32,0.083723,0.098737,,
group2,512,9,512,6,4,2,2,64,0.083188,0.099022,,
group2,512,9,512,7,2,2,2,128,0.083618,0.098679,,
group2,512,9,512,8,1,2,2,256,0.083241,0.102679,,
group2,512,9,1024,0,256,2,2,1,0.083423,0.062879,0.778267,0.907453
group2,512,9,1024,1,128,2,2,2,0.083120,0.099432,,
group2,512,9,1024,2,64,2,2,4,0.082997,0.099374,,
group2,512,9,1024,3,32,2,2,8,0.083294,0.099357,,
group2,512,9,1024,4,16,2,2,16,0.083613,0.099819,,
group2,512,9,1024,5,8,2,2,32,0.083355,0.099432,,
group2,512,9,1024,6,4,2,2,64,0.083028,0.099786,,
group2,512,9,1024,7,2,2,2,128,0.083483,0.099495,,
group2,512,9,1024,8,1,2,2,256,0.083092,0.103112,,
group2,512,9,2048,0,256,2,2,1,0.083729,0.063178,0.779232,0.907582
group2,512,9,2048,1,128,2,2,2,0.083510,0.099383,,
group2,512,9,2048,2,64,2,2,4,0.084001,0.100270,,
group2,512,9,2048,3,32,2,2,8,0.083753,0.099493,,
group2,512,9,2048,4,16,2,2,16,0.083897,0.100334,,
group2,512,9,2048,5,8,2,2,32,0.083873,0.099445,,
group2,512,9,2048,6,4,2,2,64,0.083767,0.100174,,
group2,512,9,2048,7,2,2,2,128,0.083717,0.099341,,
group2,512,9,2048,8,1,2,2,256,0.084043,0.103705,,
group2,512,9,4096,0,256,2,2,1,0.083950,0.078212,0.777481,0.909279
group2,512,9,4096,1,128,2,2,2,0.084174,0.100257,,
group2,512,9,4096,2,64,2,2,4,0.083972,0.100641,,
group2,512,9,4096,3,32,2,2,8,0.084042,0.100367,,
group2,512,9,4096,4,16,2,2,16,0.084016,0.100814,,
group2,512,9,4096,5,8,2,2,32,0.084045,0.100437,,
group2,512,9,4096,6,4,2,2,64,0.084011,0.100778,,
group2,512,9,4096,7,2,2,2,128,0.084037,0.100482,,
group2,512,9,4096,8,1,2,2,256,0.084024,0.104396,,
group2,1024,10,2,0,512,2,2,1,0.085523,0.066139,0.896577,1.042336
group2,1024,10,2,1,256,2,2,2,0.085443,0.103312,,
group2,1024,10,2,2,128,2,2,4,0.085830,0.103353,,
group2,1024,10,2,3,64,2,2,8,0.085286,0.103086,,
group2,1024,10,2,4,32,2,2,16,0.085517,0.103351,,
group2,1024,10,2,5,16,2,2,32,0.085076,0.102891,,
group2,1024,10,2,6,8,2,2,64,0.085695,0.103303,,
group2,1024,10,2,7,4,2,2,128,0.085310,0.102887,,
group2,1024,10,2,8,2,2,2,256,0.086196,0.103174,,
group2,1024,10,2,9,1,2,2,512,0.085698,0.106057,,
group2,1024,10,4,0,512,2,2,1,0.086243,0.065394,0.887640,1.042450
group2,1024,10,4,1,256,2,2,2,0.085795,0.102976,,
group2,1024,10,4,2,128,2,2,4,0.085871,0.102882,,
group2,1024,10,4,3,64,2,2,8,0.085769,0.103041,,
group2,1024,10,4,4,32,2,2,16,0.085676,0.103053,,
group2,1024,10,4,5,16,2,2,32,0.085342,0.103219,,
group2,1024,10,4,6,8,2,2,64,0.085397,0.103110,,
group2,1024,10,4,7,4,2,2,128,0.085705,0.102859,,
group2,1024,10,4,8,2,2,2,256,0.085325,0.102563,,
group2,1024,10,4,9,1,2,2,512,0.085627,0.106367,,
group2,1024,10,8,0,512,2,2,1,0.085928,0.065725,0.886505,1.039940
group2,1024,10,8,1,256,2,2,2,0.085648,0.102605,,
group2,1024,10,8,2,128,2,2,4,0.085807,0.102535,,
group2,1024,10,8,3,64,2,2,8,0.085145,0.102322,,
group2,1024,10,8,4,32,2,2,16,0.085618,0.102613,,
group2,1024,10,8,5,16,2,2,32,0.084878,0.102177,,
group2,1024,10,8,6,8,2,2,64,0.085267,0.102916,,
group2,1024,10,8,7,4,2,2,128,0.085496,0.102113,,
group2,1024,10,8,8,2,2,2,256,0.085291,0.102657,,
group2,1024,10,8,9,1,2,2,512,0.085190,0.105756,,
group2,1024,10,16,0,512,2,2,1,0.086567,0.065841,0.897797,1.048581
group2,1024,10,16,1,256,2,2,2,0.086375,0.103459,,
group2,1024,10,16,2,128,2,2,4,0.085859,0.103775,,
group2,1024,10,16,3,64,2,2,8,0.085585,0.103452,,
group2,1024,10,16,4,32,2,2,16,0.086405,0.103451,,
group2,1024,10,16,5,16,2,2,32,0.085981,0.103192,,
group2,1024,10,16,6,8,2,2,64,0.086244,0.103443,,
group2,1024,10,16,7,4,2,2,128,0.086477,0.102995,,
group2,1024,10,16,8,2,2,2,256,0.086334,0.103403,,
group2,1024,10,16,9,1,2,2,512,0.085791,0.106237,,
group2,1024,10,32,0,512,2,2,1,0.087125,0.066169,0.894666,1.049480
group2,1024,10,32,1,256,2,2,2,0.087196,0.103834,,
group2,1024,10,32,2,128,2,2,4,0.086714,0.103767,,
group2,1024,10,32,3,64,2,2,8,0.086340,0.103472,,
group2,1024,10,32,4,32,2,2,16,0.086456,0.103181,,
group2,1024,10,32,5,16,2,2,32,0.086108,0.102771,,
group2,1024,10,32,6,8,2,2,64,0.086521,0.103433,,
group2,1024,10,32,7,4,2,2,128,0.086313,0.103133,,
group2,1024,10,32,8,2,2,2,256,0.086628,0.103328,,
group2,1024,10,32,9,1,2,2,512,0.086402,0.106434,,
group2,1024,10,64,0,512,2,2,1,0.086939,0.066017,0.901212,1.049001
group2,1024,10,64,1,256,2,2,2,0.086982,0.103719,,
group2,1024,10,64,2,128,2,2,4,0.086321,0.104011,,
group2,1024,10,64,3,64,2,2,8,0.085993,0.103705,,
group2,1024,10,64,4,32,2,2,16,0.086708,0.103733,,
group2,1024,10,64,5,16,2,2,32,0.086055,0.103585,,
group2,1024,10,64,6,8,2,2,64,0.086278,0.103366,,
group2,1024,10,64,7,4,2,2,128,0.086238,0.103042,,
group2,1024,10,64,8,2,2,2,256,0.086318,0.103369,,
group2,1024,10,64,9,1,2,2,512,0.086177,0.106586,,
group2,1024,10,128,0,512,2,2,1,0.086368,0.066149,0.901962,1.058985
group2,1024,10,128,1,256,2,2,2,0.086280,0.105093,,
group2,1024,10,128,2,128,2,2,4,0.086349,0.104810,,
group2,1024,10,128,3,64,2,2,8,0.085873,0.104510,,
group2,1024,10,128,4,32,2,2,16,0.086255,0.104677,,
group2,1024,10,128,5,16,2,2,32,0.085947,0.105092,,
group2,1024,10,128,6,8,2,2,64,0.086227,0.104635,,
group2,1024,10,128,7,4,2,2,128,0.086027,0.104824,,
group2,1024,10,128,8,2,2,2,256,0.086143,0.104932,,
group2,1024,10,128,9,1,2,2,512,0.085717,0.108415,,
group2,1024,10,256,0,512,2,2,1,0.086818,0.065359,0.909059,1.061314
group2,1024,10,256,1,256,2,2,2,0.086786,0.104422,,
group2,1024,10,256,2,128,2,2,4,0.086370,0.104446,,
group2,1024,10,256,3,64,2,2,8,0.086685,0.104100,,
group2,1024,10,256,4,32,2,2,16,0.086448,0.104158,,
group2,1024,10,256,5,16,2,2,32,0.086753,0.103969,,
group2,1024,10,256,6,8,2,2,64,0.086306,0.104267,,
group2,1024,10,256,7,4,2,2,128,0.086663,0.104144,,
group2,1024,10,256,8,2,2,2,256,0.086364,0.104167,,
group2,1024,10,256,9,1,2,2,512,0.086400,0.108150,,
group2,1024,10,512,0,512,2,2,1,0.087126,0.066468,0.904788,1.068110
group2,1024,10,512,1,256,2,2,2,0.086724,0.105745,,
group2,1024,10,512,2,128,2,2,4,0.086862,0.105681,,
group2,1024,10,512,3,64,2,2,8,0.086539,0.105230,,
group2,1024,10,512,4,32,2,2,16,0.087070,0.105517,,
group2,1024,10,512,5,16,2,2,32,0.086460,0.105305,,
group2,1024,10,512,6,8,2,2,64,0.086711,0.105413,,
group2,1024,10,512,7,4,2,2,128,0.086267,0.105285,,
group2,1024,10,512,8,2,2,2,256,0.086482,0.105511,,
group2,1024,10,512,9,1,2,2,512,0.086369,0.109183,,
group2,1024,10,1024,0,512,2,2,1,0.086808,0.066248,0.908149,1.067689
group2,1024,10,1024,1,256,2,2,2,0.086739,0.105391,,
group2,1024,10,1024,2,128,2,2,4,0.087107,0.105148,,
group2,1024,10,1024,3,64,2,2,8,0.086911,0.104872,,
group2,1024,10,1024,4,32,2,2,16,0.087192,0.105167,,
group2,1024,10,1024,5,16,2,2,32,0.086903,0.104531,,
group2,1024,10,1024,6,8,2,2,64,0.087120,0.105049,,
group2,1024,10,1024,7,4,2,2,128,0.086931,0.105015,,
group2,1024,10,1024,8,2,2,2,256,0.087031,0.104924,,
group2,1024,10,1024,9,1,2,2,512,0.086794,0.108891,,
group2,1024,10,2048,0,512,2,2,1,0.087294,0.078084,0.907939,1.064841
group2,1024,10,2048,1,256,2,2,2,0.086905,0.105908,,
group2,1024,10,2048,2,128,2,2,4,0.086775,0.105416,,
group2,1024,10,2048,3,64,2,2,8,0.086333,0.105391,,
group2,1024,10,2048,4,32,2,2,16,0.086762,0.105617,,
group2,1024,10,2048,5,16,2,2,32,0.086403,0.105474,,
group2,1024,10,2048,6,8,2,2,64,0.086959,0.105449,,
group2,1024,10,2048,7,4,2,2,128,0.086254,0.105366,,
group2,1024,10,2048,8,2,2,2,256,0.086889,0.105555,,
group2,1024,10,2048,9,1,2,2,512,0.086450,0.109094,,
group2,1024,10,4096,0,512,2,2,1,0.156732,0.152444,1.601005,1.854051
group2,1024,10,4096,1,256,2,2,2,0.158560,0.193261,,
group2,1024,10,4096,2,128,2,2,4,0.158860,0.193186,,
group2,1024,10,4096,3,64,2,2,8,0.158690,0.193608,,
group2,1024,10,4096,4,32,2,2,16,0.158919,0.193359,,
group2,1024,10,4096,5,16,2,2,32,0.159074,0.193227,,
group2,1024,10,4096,6,8,2,2,64,0.158601,0.192821,,
group2,1024,10,4096,7,4,2,2,128,0.158615,0.192241,,
group2,1024,10,4096,8,2,2,2,256,0.159057,0.192068,,
group2,1024,10,4096,9,1,2,2,512,0.159015,0.192964,,
group2,2048,11,2,0,1024,2,2,1,0.081606,0.062541,0.948522,1.075835
group2,2048,11,2,1,512,2,2,2,0.082144,0.097154,,
group2,2048,11,2,2,256,2,2,4,0.082434,0.097524,,
group2,2048,11,2,3,128,2,2,8,0.081997,0.096601,,
group2,2048,11,2,4,64,2,2,16,0.081869,0.096881,,
group2,2048,11,2,5,32,2,2,32,0.081655,0.097111,,
group2,2048,11,2,6,16,2,2,64,0.082290,0.097414,,
group2,2048,11,2,7,8,2,2,128,0.081978,0.096670,,
group2,2048,11,2,8,4,2,2,256,0.082112,0.097096,,
group2,2048,11,2,9,2,2,2,512,0.082550,0.096634,,
group2,2048,11,2,10,1,2,2,1024,0.082425,0.100006,,
group2,2048,11,4,0,1024,2,2,1,0.083183,0.062175,0.940230,1.088693
group2,2048,11,4,1,512,2,2,2,0.082864,0.096166,,
group2,2048,11,4,2,256,2,2,4,0.082485,0.097424,,
group2,2048,11,4,3,128,2,2,8,0.082637,0.096777,,
group2,2048,11,4,4,64,2,2,16,0.082559,0.097076,,
group2,2048,11,4,5,32,2,2,32,0.082309,0.096587,,
group2,2048,11,4,6,16,2,2,64,0.082653,0.096642,,
group2,2048,11,4,7,8,2,2,128,0.082592,0.096487,,
group2,2048,11,4,8,4,2,2,256,0.082570,0.096889,,
group2,2048,11,4,9,2,2,2,512,0.082572,0.097010,,
group2,2048,11,4,10,1,2,2,1024,0.082588,0.100294,,
group2,2048,11,8,0,1024,2,2,1,0.082656,0.061997,0.933218,1.072665
group2,2048,11,8,1,512,2,2,2,0.082654,0.096837,,
group2,2048,11,8,2,256,2,2,4,0.082552,0.097193,,
group2,2048,11,8,3,128,2,2,8,0.082583,0.096998,,
group2,2048,11,8,4,64,2,2,16,0.081897,0.096648,,
group2,2048,11,8,5,32,2,2,32,0.082100,0.096693,,
group2,2048,11,8,6,16,2,2,64,0.082116,0.096627,,
group2,2048,11,8,7,8,2,2,128,0.082146,0.096944,,
group2,2048,11,8,8,4,2,2,256,0.082285,0.096501,,
group2,2048,11,8,9,2,2,2,512,0.082342,0.096719,,
group2,2048,11,8,10,1,2,2,1024,0.082144,0.099610,,
group2,2048,11,16,0,1024,2,2,1,0.083506,0.062544,0.962653,1.095693
group2,2048,11,16,1,512,2,2,2,0.083473,0.097921,,
group2,2048,11,16,2,256,2,2,4,0.082369,0.098387,,
group2,2048,11,16,3,128,2,2,8,0.082806,0.097606,,
group2,2048,11,16,4,64,2,2,16,0.082690,0.098136,,
group2,2048,11,16,5,32,2,2,32,0.082623,0.097294,,
group2,2048,11,16,6,16,2,2,64,0.082774,0.097930,,
group2,2048,11,16,7,8,2,2,128,0.082644,0.097691,,
group2,2048,11,16,8,4,2,2,256,0.082691,0.098175,,
group2,2048,11,16,9,2,2,2,512,0.082806,0.096929,,
group2,2048,11,16,10,1,2,2,1024,0.082786,0.100935,,
group2,2048,11,32,0,1024,2,2,1,0.083314,0.061919,0.950330,1.086076
group2,2048,11,32,1,512,2,2,2,0.083460,0.097233,,
group2,2048,11,32,2,256,2,2,4,0.082685,0.097358,,
group2,2048,11,32,3,128,2,2,8,0.082995,0.097349,,
group2,2048,11,32,4,64,2,2,16,0.082867,0.097311,,
group2,2048,11,32,5,32,2,2,32,0.082829,0.097119,,
group2,2048,11,32,6,16,2,2,64,0.082591,0.097184,,
group2,2048,11,32,7,8,2,2,128,0.082705,0.096878,,
group2,2048,11,32,8,4,2,2,256,0.082232,0.096955,,
group2,2048,11,32,9,2,2,2,512,0.082925,0.096904,,
group2,2048,11,32,10,1,2,2,1024,0.082722,0.099866,,
group2,2048,11,64,0,1024,2,2,1,0.083034,0.062290,0.948585,1.090866
group2,2048,11,64,1,512,2,2,2,0.083014,0.097057,,
group2,2048,11,64,2,256,2,2,4,0.082675,0.097201,,
group2,2048,11,64,3,128,2,2,8,0.082514,0.097356,,
group2,2048,11,64,4,64,2,2,16,0.082493,0.097441,,
group2,2048,11,64,5,32,2,2,32,0.082308,0.096571,,
group2,2048,11,64,6,16,2,2,64,0.082218,0.097154,,
group2,2048,11,64,7,8,2,2,128,0.082665,0.096620,,
group2,2048,11,64,8,4,2,2,256,0.082469,0.097200,,
group2,2048,11,64,9,2,2,2,512,0.082573,0.096637,,
group2,2048,11,64,10,1,2,2,1024,0.082805,0.100246,,
group2,2048,11,128,0,1024,2,2,1,0.088405,0.066194,1.003574,1.195114
group2,2048,11,128,1,512,2,2,2,0.088010,0.105775,,
group2,2048,11,128,2,256,2,2,4,0.088846,0.105971,,
group2,2048,11,128,3,128,2,2,8,0.087977,0.106100,,
group2,2048,11,128,4,64,2,2,16,0.088124,0.105845,,
group2,2048,11,128,5,32,2,2,32,0.087781,0.106794,,
group2,2048,11,128,6,16,2,2,64,0.088520,0.106933,,
group2,2048,11,128,7,8,2,2,128,0.087706,0.106284,,
group2,2048,11,128,8,4,2,2,256,0.088517,0.106536,,
group2,2048,11,128,9,2,2,2,512,0.087990,0.105898,,
group2,2048,11,128,10,1,2,2,1024,0.088577,0.110265,,
group2,2048,11,256,0,1024,2,2,1,0.088411,0.065421,1.015094,1.192515
group2,2048,11,256,1,512,2,2,2,0.088318,0.106015,,
group2,2048,11,256,2,256,2,2,4,0.087924,0.106561,,
group2,2048,11,256,3,128,2,2,8,0.087986,0.105939,,
group2,2048,11,256,4,64,2,2,16,0.087815,0.106176,,
group2,2048,11,256,5,32,2,2,32,0.087781,0.106296,,
group2,2048,11,256,6,16,2,2,64,0.087998,0.106464,,
group2,2048,11,256,7,8,2,2,128,0.087673,0.106142,,
group2,2048,11,256,8,4,2,2,256,0.087721,0.106190,,
group2,2048,11,256,9,2,2,2,512,0.088025,0.106120,,
group2,2048,11,256,10,1,2,2,1024,0.088015,0.109850,,
group2,2048,11,512,0,1024,2,2,1,0.089253,0.065597,1.012944,1.192769
group2,2048,11,512,1,512,2,2,2,0.088559,0.106323,,
group2,2048,11,512,2,256,2,2,4,0.088895,0.106797,,
group2,2048,11,512,3,128,2,2,8,0.088593,0.106424,,
group2,2048,11,512,4,64,2,2,16,0.088924,0.106639,,
group2,2048,11,512,5,32,2,2,32,0.088320,0.106101,,
group2,2048,11,512,6,16,2,2,64,0.088946,0.106372,,
group2,2048,11,512,7,8,2,2,128,0.088256,0.106273,,
group2,2048,11,512,8,4,2,2,256,0.089018,0.106586,,
group2,2048,11,512,9,2,2,2,512,0.088607,0.106211,,
group2,2048,11,512,10,1,2,2,1024,0.089363,0.110745,,
group2,2048,11,1024,0,1024,2,2,1,0.088204,0.078474,1.016615,1.191813
group2,2048,11,1024,1,512,2,2,2,0.088893,0.106347,,
group2,2048,11,1024,2,256,2,2,4,0.087827,0.106474,,
group2,2048,11,1024,3,128,2,2,8,0.088520,0.106426,,
group2,2048,11,1024,4,64,2,2,16,0.087855,0.106461,,
group2,2048,11,1024,5,32,2,2,32,0.088317,0.106017,,
group2,2048,11,1024,6,16,2,2,64,0.088035,0.106742,,
group2,2048,11,1024,7,8,2,2,128,0.088207,0.106448,,
group2,2048,11,1024,8,4,2,2,256,0.087966,0.106586,,
group2,2048,11,1024,9,2,2,2,512,0.089035,0.106599,,
group2,2048,11,1024,10,1,2,2,1024,0.088067,0.110804,,
group2,2048,11,2048,0,1024,2,2,1,0.157112,0.152100,1.769673,2.036891
group2,2048,11,2048,1,512,2,2,2,0.158563,0.193196,,
group2,2048,11,2048,2,256,2,2,4,0.158876,0.193037,,
group2,2048,11,2048,3,128,2,2,8,0.158593,0.193096,,
group2,2048,11,2048,4,64,2,2,16,0.158860,0.193094,,
group2,2048,11,2048,5,32,2,2,32,0.158579,0.192775,,
group2,2048,11,2048,6,16,2,2,64,0.158887,0.192820,,
group2,2048,11,2048,7,8,2,2,128,0.158590,0.191633,,
group2,2048,11,2048,8,4,2,2,256,0.158879,0.191739,,
group2,2048,11,2048,9,2,2,2,512,0.158567,0.193166,,
group2,2048,11,2048,10,1,2,2,1024,0.158891,0.193222,,
group2,2048,11,4096,0,1024,2,2,1,0.305184,0.302837,3.429780,4.143214
group2,2048,11,4096,1,512,2,2,2,0.308630,0.383493,,
group2,2048,11,4096,2,256,2,2,4,0.308600,0.383444,,
group2,2048,11,4096,3,128,2,2,8,0.308485,0.383514,,
group2,2048,11,4096,4,64,2,2,16,0.308604,0.383628,,
group2,2048,11,4096,5,32,2,2,32,0.308512,0.382355,,
group2,2048,11,4096,6,16,2,2,64,0.308599,0.382475,,
group2,2048,11,4096,7,8,2,2,128,0.308516,0.375243,,
group2,2048,11,4096,8,4,2,2,256,0.308588,0.376000,,
group2,2048,11,4096,9,2,2,2,512,0.308494,0.382885,,
group2,2048,11,4096,10,1,2,2,1024,0.308602,0.383081,,
group2,4096,12,2,0,2048,2,2,1,0.083211,0.063418,1.042063,1.205927
group2,4096,12,2,1,1024,2,2,2,0.083103,0.099450,,
group2,4096,12,2,2,512,2,2,4,0.083417,0.099378,,
group2,4096,12,2,3,256,2,2,8,0.083506,0.098911,,
group2,4096,12,2,4,128,2,2,16,0.083196,0.099019,,
group2,4096,12,2,5,64,2,2,32,0.083069,0.098508,,
group2,4096,12,2,6,32,2,2,64,0.083341,0.098891,,
group2,4096,12,2,7,16,2,2,128,0.083566,0.098662,,
group2,4096,12,2,8,8,2,2,256,0.083615,0.098875,,
group2,4096,12,2,9,4,2,2,512,0.082971,0.098737,,
group2,4096,12,2,10,2,2,2,1024,0.083186,0.098959,,
group2,4096,12,2,11,1,2,2,2048,0.082870,0.101805,,
group2,4096,12,4,0,2048,2,2,1,0.084044,0.063438,1.044472,1.212884
group2,4096,12,4,1,1024,2,2,2,0.083568,0.100349,,
group2,4096,12,4,2,512,2,2,4,0.083897,0.100131,,
group2,4096,12,4,3,256,2,2,8,0.083774,0.099923,,
group2,4096,12,4,4,128,2,2,16,0.083376,0.099985,,
group2,4096,12,4,5,64,2,2,32,0.083654,0.099953,,
group2,4096,12,4,6,32,2,2,64,0.083388,0.099767,,
group2,4096,12,4,7,16,2,2,128,0.083499,0.099396,,
group2,4096,12,4,8,8,2,2,256,0.083660,0.099823,,
group2,4096,12,4,9,4,2,2,512,0.083871,0.099878,,
group2,4096,12,4,10,2,2,2,1024,0.083394,0.099911,,
group2,4096,12,4,11,1,2,2,2048,0.083899,0.103011,,
group2,4096,12,8,0,2048,2,2,1,0.083972,0.062841,1.044756,1.212571
group2,4096,12,8,1,1024,2,2,2,0.084205,0.099272,,
group2,4096,12,8,2,512,2,2,4,0.083766,0.098939,,
group2,4096,12,8,3,256,2,2,8,0.083713,0.098814,,
group2,4096,12,8,4,128,2,2,16,0.083393,0.099239,,
group2,4096,12,8,5,64,2,2,32,0.083406,0.098837,,
group2,4096,12,8,6,32,2,2,64,0.083102,0.099037,,
group2,4096,12,8,7,16,2,2,128,0.083669,0.098983,,
group2,4096,12,8,8,8,2,2,256,0.083531,0.099072,,
group2,4096,12,8,9,4,2,2,512,0.083600,0.099041,,
group2,4096,12,8,10,2,2,2,1024,0.083559,0.099256,,
group2,4096,12,8,11,1,2,2,2048,0.083962,0.102019,,
group2,4096,12,16,0,2048,2,2,1,0.084685,0.063442,1.057324,1.223252
group2,4096,12,16,1,1024,2,2,2,0.084470,0.100124,,
group2,4096,12,16,2,512,2,2,4,0.084013,0.100194,,
group2,4096,12,16,3,256,2,2,8,0.083728,0.100019,,
group2,4096,12,16,4,128,2,2,16,0.083724,0.099697,,
group2,4096,12,16,5,64,2,2,32,0.083312,0.099757,,
group2,4096,12,16,6,32,2,2,64,0.083991,0.099866,,
group2,4096,12,16,7,16,2,2,128,0.083942,0.099148,,
group2,4096,12,16,8,8,2,2,256,0.084683,0.099772,,
group2,4096,12,16,9,4,2,2,512,0.084257,0.099783,,
group2,4096,12,16,10,2,2,2,1024,0.084089,0.099796,,
group2,4096,12,16,11,1,2,2,2048,0.084481,0.103426,,
group2,4096,12,32,0,2048,2,2,1,0.084525,0.062708,1.051130,1.218059
group2,4096,12,32,1,1024,2,2,2,0.083892,0.099575,,
group2,4096,12,32,2,512,2,2,4,0.084141,0.098795,,
group2,4096,12,32,3,256,2,2,8,0.083861,0.099655,,
group2,4096,12,32,4,128,2,2,16,0.083825,0.099096,,
group2,4096,12,32,5,64,2,2,32,0.083918,0.099716,,
group2,4096,12,32,6,32,2,2,64,0.084005,0.099233,,
group2,4096,12,32,7,16,2,2,128,0.083941,0.099609,,
group2,4096,12,32,8,8,2,2,256,0.084212,0.099333,,
group2,4096,12,32,9,4,2,2,512,0.084139,0.099364,,
group2,4096,12,32,10,2,2,2,1024,0.083774,0.099006,,
group2,4096,12,32,11,1,2,2,2048,0.083953,0.102505,,
group2,4096,12,64,0,2048,2,2,1,0.084385,0.062698,1.053816,1.211566
group2,4096,12,64,1,1024,2,2,2,0.084707,0.098960,,
group2,4096,12,64,2,512,2,2,4,0.084655,0.099885,,
group2,4096,12,64,3,256,2,2,8,0.084266,0.098976,,
group2,4096,12,64,4,128,2,2,16,0.084134,0.099934,,
group2,4096,12,64,5,64,2,2,32,0.084209,0.098954,,
group2,4096,12,64,6,32,2,2,64,0.084161,0.099939,,
group2,4096,12,64,7,16,2,2,128,0.084368,0.099042,,
group2,4096,12,64,8,8,2,2,256,0.084187,0.099972,,
group2,4096,12,64,9,4,2,2,512,0.084157,0.099121,,
group2,4096,12,64,10,2,2,2,1024,0.084251,0.099790,,
group2,4096,12,64,11,1,2,2,2048,0.084034,0.102110,,
group2,4096,12,128,0,2048,2,2,1,0.083758,0.063249,1.050419,1.205770
group2,4096,12,128,1,1024,2,2,2,0.084048,0.100359,,
group2,4096,12,128,2,512,2,2,4,0.084116,0.099809,,
group2,4096,12,128,3,256,2,2,8,0.083823,0.099646,,
group2,4096,12,128,4,128,2,2,16,0.083564,0.100129,,
group2,4096,12,128,5,64,2,2,32,0.083723,0.099220,,
group2,4096,12,128,6,32,2,2,64,0.083730,0.099975,,
group2,4096,12,128,7,16,2,2,128,0.083672,0.099399,,
group2,4096,12,128,8,8,2,2,256,0.083562,0.099904,,
group2,4096,12,128,9,4,2,2,512,0.083731,0.099262,,
group2,4096,12,128,10,2,2,2,1024,0.083813,0.100181,,
group2,4096,12,128,11,1,2,2,2048,0.083448,0.102749,,
group2,4096,12,256,0,2048,2,2,1,0.084200,0.063424,1.050332,1.220074
group2,4096,12,256,1,1024,2,2,2,0.084362,0.100015,,
group2,4096,12,256,2,512,2,2,4,0.084075,0.100202,,
group2,4096,12,256,3,256,2,2,8,0.084169,0.099744,,
group2,4096,12,256,4,128,2,2,16,0.083933,0.100397,,
group2,4096,12,256,5,64,2,2,32,0.083954,0.099554,,
group2,4096,12,256,6,32,2,2,64,0.084169,0.100289,,
group2,4096,12,256,7,16,2,2,128,0.084380,0.099373,,
group2,4096,12,256,8,8,2,2,256,0.084100,0.100260,,
group2,4096,12,256,9,4,2,2,512,0.084318,0.099718,,
group2,4096,12,256,10,2,2,2,1024,0.084016,0.100417,,
group2,4096,12,256,11,1,2,2,2048,0.083652,0.103589,,
group2,4096,12,512,0,2048,2,2,1,0.084687,0.078401,1.046995,1.206444
group2,4096,12,512,1,1024,2,2,2,0.084716,0.099352,,
group2,4096,12,512,2,512,2,2,4,0.084501,0.099159,,
group2,4096,12,512,3,256,2,2,8,0.084588,0.098881,,
group2,4096,12,512,4,128,2,2,16,0.084530,0.099087,,
group2,4096,12,512,5,64,2,2,32,0.084580,0.099055,,
group2,4096,12,512,6,32,2,2,64,0.084506,0.098941,,
group2,4096,12,512,7,16,2,2,128,0.084562,0.099175,,
group2,4096,12,512,8,8,2,2,256,0.084503,0.099056,,
group2,4096,12,512,9,4,2,2,512,0.084628,0.099002,,
group2,4096,12,512,10,2,2,2,1024,0.084520,0.099118,,
group2,4096,12,512,11,1,2,2,2048,0.084562,0.103030,,
group2,4096,12,1024,0,2048,2,2,1,0.156784,0.152923,1.924729,2.232760
group2,4096,12,1024,1,1024,2,2,2,0.159769,0.193710,,
group2,4096,12,1024,2,512,2,2,4,0.158699,0.193756,,
group2,4096,12,1024,3,256,2,2,8,0.158671,0.193838,,
group2,4096,12,1024,4,128,2,2,16,0.158719,0.193943,,
group2,4096,12,1024,5,64,2,2,32,0.158673,0.193549,,
group2,4096,12,1024,6,32,2,2,64,0.158723,0.193666,,
group2,4096,12,1024,7,16,2,2,128,0.158703,0.192415,,
group2,4096,12,1024,8,8,2,2,256,0.158756,0.192579,,
group2,4096,12,1024,9,4,2,2,512,0.158670,0.193998,,
group2,4096,12,1024,10,2,2,2,1024,0.158788,0.194250,,
group2,4096,12,1024,11,1,2,2,2048,0.158711,0.194116,,
group2,4096,12,2048,0,2048,2,2,1,0.305944,0.303281,3.742744,4.527956
group2,4096,12,2048,1,1024,2,2,2,0.309293,0.383685,,
group2,4096,12,2048,2,512,2,2,4,0.308676,0.383682,,
group2,4096,12,2048,3,256,2,2,8,0.308846,0.383733,,
group2,4096,12,2048,4,128,2,2,16,0.308692,0.383755,,
group2,4096,12,2048,5,64,2,2,32,0.308840,0.382590,,
group2,4096,12,2048,6,32,2,2,64,0.308714,0.382683,,
group2,4096,12,2048,7,16,2,2,128,0.308849,0.375555,,
group2,4096,12,2048,8,8,2,2,256,0.308698,0.376163,,
group2,4096,12,2048,9,4,2,2,512,0.308811,0.383356,,
group2,4096,12,2048,10,2,2,2,1024,0.308640,0.383389,,
group2,4096,12,2048,11,1,2,2,2048,0.308888,0.383473,,
group2,4096,12,4096,0,2048,2,2,1,0.604716,0.602179,7.343802,8.950785
group2,4096,12,4096,1,1024,2,2,2,0.606451,0.756287,,
group2,4096,12,4096,2,512,2,2,4,0.606795,0.756269,,
group2,4096,12,4096,3,256,2,2,8,0.606564,0.756252,,
group2,4096,12,4096,4,128,2,2,16,0.606808,0.756204,,
group2,4096,12,4096,5,64,2,2,32,0.606507,0.754107,,
group2,4096,12,4096,6,32,2,2,64,0.606518,0.754077,,
group2,4096,12,4096,7,16,2,2,128,0.606567,0.738379,,
group2,4096,12,4096,8,8,2,2,256,0.606748,0.740656,,
group2,4096,12,4096,9,4,2,2,512,0.606425,0.755135,,
group2,4096,12,4096,10,2,2,2,1024,0.606551,0.755213,,
group2,4096,12,4096,11,1,2,2,2048,0.606555,0.755334,,
