patterns,batch-size,algo,mean,median,iqr,times,bs_position,precision,device_name
"[[1, 48, 48, 1]]",25088,kernel,3.38E-05,3.38E-05,0,[3.383355215191841e-05],bs_last,fp16,NVIDIA_A100-PCIE-40GB
"[[1, 48, 192, 1]]",25088,kernel,3.41E-05,3.41E-05,0,[3.406604751944542e-05],bs_last,fp16,NVIDIA_A100-PCIE-40GB
"[[1, 64, 64, 1]]",25088,kernel,3.41E-05,3.41E-05,0,[3.407476469874382e-05],bs_last,fp16,NVIDIA_A100-PCIE-40GB
"[[1, 64, 256, 1]]",25088,kernel,4.28E-05,4.28E-05,0,[4.27773967385292e-05],bs_last,fp16,NVIDIA_A100-PCIE-40GB
"[[1, 96, 96, 1]]",25088,kernel,3.56E-05,3.56E-05,0,[3.557551652193069e-05],bs_last,fp16,NVIDIA_A100-PCIE-40GB
"[[1, 96, 384, 1]]",25088,kernel,0.000102726,0.000102726,0,[0.00010272625833749771],bs_last,fp16,NVIDIA_A100-PCIE-40GB
"[[1, 128, 128, 1]]",25088,kernel,4.77E-05,4.77E-05,0,[4.772316664457321e-05],bs_last,fp16,NVIDIA_A100-PCIE-40GB
"[[1, 128, 512, 1]]",25088,kernel,0.00015741,0.00015741,0,[0.00015741031616926194],bs_last,fp16,NVIDIA_A100-PCIE-40GB
"[[1, 192, 48, 1]]",25088,kernel,4.36E-05,4.36E-05,0,[4.3648872524499896e-05],bs_last,fp16,NVIDIA_A100-PCIE-40GB
"[[1, 192, 192, 1]]",25088,kernel,7.83E-05,7.83E-05,0,[7.825566455721856e-05],bs_last,fp16,NVIDIA_A100-PCIE-40GB
"[[1, 192, 768, 1]]",25088,kernel,0.000323838,0.000323838,0,[0.0003238377533853054],bs_last,fp16,NVIDIA_A100-PCIE-40GB
"[[1, 256, 64, 1]]",25088,kernel,6.04E-05,6.04E-05,0,[6.037633866071701e-05],bs_last,fp16,NVIDIA_A100-PCIE-40GB
"[[1, 256, 256, 1]]",25088,kernel,0.000140976,0.000140976,0,[0.0001409761980175972],bs_last,fp16,NVIDIA_A100-PCIE-40GB
"[[1, 256, 1024, 1]]",25088,kernel,0.000474431,0.000474431,0,[0.00047443078830838203],bs_last,fp16,NVIDIA_A100-PCIE-40GB
"[[1, 384, 96, 1]]",25088,kernel,0.000109694,0.000109694,0,[0.00010969402268528938],bs_last,fp16,NVIDIA_A100-PCIE-40GB
"[[1, 384, 384, 1]]",25088,kernel,0.000340312,0.000340312,0,[0.00034031152725219724],bs_last,fp16,NVIDIA_A100-PCIE-40GB
"[[1, 512, 128, 1]]",25088,kernel,0.000153412,0.000153412,0,[0.00015341158956289292],bs_last,fp16,NVIDIA_A100-PCIE-40GB
"[[1, 512, 512, 1]]",25088,kernel,0.000488191,0.000488191,0,[0.0004881911724805832],bs_last,fp16,NVIDIA_A100-PCIE-40GB
"[[1, 768, 192, 1]]",25088,kernel,0.000308983,0.000308983,0,[0.0003089825250208378],bs_last,fp16,NVIDIA_A100-PCIE-40GB
"[[1, 768, 768, 1]]",25088,kernel,0.001026432,0.001026432,0,[0.0010264316573739053],bs_last,fp16,NVIDIA_A100-PCIE-40GB
"[[1, 1024, 256, 1]]",25088,kernel,0.00051509,0.00051509,0,[0.0005150897614657879],bs_last,fp16,NVIDIA_A100-PCIE-40GB
"[[1, 1024, 1024, 1]]",25088,kernel,0.001779157,0.001779157,0,[0.0017791569232940673],bs_last,fp16,NVIDIA_A100-PCIE-40GB
"[[2, 48, 48, 1]]",25088,kernel,4.57E-05,4.57E-05,0,[4.572773352265358e-05],bs_last,fp16,NVIDIA_A100-PCIE-40GB
"[[2, 48, 192, 1]]",25088,kernel,5.78E-05,5.78E-05,0,[5.7767163962125775e-05],bs_last,fp16,NVIDIA_A100-PCIE-40GB
"[[2, 64, 64, 1]]",25088,kernel,4.05E-05,4.05E-05,0,[4.046626389026642e-05],bs_last,fp16,NVIDIA_A100-PCIE-40GB
"[[2, 64, 256, 1]]",25088,kernel,0.000115547,0.000115547,0,[0.00011554732918739319],bs_last,fp16,NVIDIA_A100-PCIE-40GB
"[[2, 96, 96, 1]]",25088,kernel,6.64E-05,6.64E-05,0,[6.643902510404587e-05],bs_last,fp16,NVIDIA_A100-PCIE-40GB
"[[2, 96, 384, 1]]",25088,kernel,0.000162433,0.000162433,0,[0.0001624327152967453],bs_last,fp16,NVIDIA_A100-PCIE-40GB
"[[2, 128, 128, 1]]",25088,kernel,7.83E-05,7.83E-05,0,[7.827252149581909e-05],bs_last,fp16,NVIDIA_A100-PCIE-40GB
"[[2, 128, 512, 1]]",25088,kernel,0.000280655,0.000280655,0,[0.0002806553430855274],bs_last,fp16,NVIDIA_A100-PCIE-40GB
"[[2, 192, 48, 1]]",25088,kernel,7.41E-05,7.41E-05,0,[7.411684840917587e-05],bs_last,fp16,NVIDIA_A100-PCIE-40GB
"[[2, 192, 192, 1]]",25088,kernel,0.000174738,0.000174738,0,[0.0001747383177280426],bs_last,fp16,NVIDIA_A100-PCIE-40GB
"[[2, 192, 768, 1]]",25088,kernel,0.000555775,0.000555775,0,[0.00055577477440238],bs_last,fp16,NVIDIA_A100-PCIE-40GB
"[[2, 256, 64, 1]]",25088,kernel,0.00014273,0.00014273,0,[0.00014273041859269142],bs_last,fp16,NVIDIA_A100-PCIE-40GB
"[[2, 256, 256, 1]]",25088,kernel,0.000271126,0.000271126,0,[0.0002711264044046402],bs_last,fp16,NVIDIA_A100-PCIE-40GB
"[[2, 256, 1024, 1]]",25088,kernel,0.000922093,0.000922093,0,[0.0009220925718545914],bs_last,fp16,NVIDIA_A100-PCIE-40GB
"[[2, 384, 96, 1]]",25088,kernel,0.000201068,0.000201068,0,[0.0002010682411491871],bs_last,fp16,NVIDIA_A100-PCIE-40GB
"[[2, 384, 384, 1]]",25088,kernel,0.000554852,0.000554852,0,[0.0005548515543341636],bs_last,fp16,NVIDIA_A100-PCIE-40GB
"[[2, 512, 128, 1]]",25088,kernel,0.000310469,0.000310469,0,[0.0003104686737060547],bs_last,fp16,NVIDIA_A100-PCIE-40GB
"[[2, 512, 512, 1]]",25088,kernel,0.000937211,0.000937211,0,[0.0009372114017605781],bs_last,fp16,NVIDIA_A100-PCIE-40GB
"[[2, 768, 192, 1]]",25088,kernel,0.000600016,0.000600016,0,[0.0006000159308314323],bs_last,fp16,NVIDIA_A100-PCIE-40GB
"[[2, 768, 768, 1]]",25088,kernel,0.002024439,0.002024439,0,[0.0020244394429028032],bs_last,fp16,NVIDIA_A100-PCIE-40GB
"[[2, 1024, 256, 1]]",25088,kernel,0.001001607,0.001001607,0,[0.0010016067698597909],bs_last,fp16,NVIDIA_A100-PCIE-40GB
"[[2, 1024, 1024, 1]]",25088,kernel,0.003682931,0.003682931,0,[0.0036829306930303576],bs_last,fp16,NVIDIA_A100-PCIE-40GB
"[[3, 48, 48, 1]]",25088,kernel,5.76E-05,5.76E-05,0,[5.7556070387363434e-05],bs_last,fp16,NVIDIA_A100-PCIE-40GB
"[[3, 48, 192, 1]]",25088,kernel,0.000122701,0.000122701,0,[0.00012270063161849975],bs_last,fp16,NVIDIA_A100-PCIE-40GB
"[[3, 64, 64, 1]]",25088,kernel,6.71E-05,6.71E-05,0,[6.706360727548599e-05],bs_last,fp16,NVIDIA_A100-PCIE-40GB
"[[3, 64, 256, 1]]",25088,kernel,0.000156235,0.000156235,0,[0.0001562349870800972],bs_last,fp16,NVIDIA_A100-PCIE-40GB
"[[3, 96, 96, 1]]",25088,kernel,6.78E-05,6.78E-05,0,[6.775947287678718e-05],bs_last,fp16,NVIDIA_A100-PCIE-40GB
"[[3, 96, 384, 1]]",25088,kernel,0.000224142,0.000224142,0,[0.00022414181381464005],bs_last,fp16,NVIDIA_A100-PCIE-40GB
"[[3, 128, 128, 1]]",25088,kernel,0.000167306,0.000167306,0,[0.00016730556264519692],bs_last,fp16,NVIDIA_A100-PCIE-40GB
"[[3, 128, 512, 1]]",25088,kernel,0.000384519,0.000384519,0,[0.00038451924920082094],bs_last,fp16,NVIDIA_A100-PCIE-40GB
"[[3, 192, 48, 1]]",25088,kernel,0.000180156,0.000180156,0,[0.00018015624955296515],bs_last,fp16,NVIDIA_A100-PCIE-40GB
"[[3, 192, 192, 1]]",25088,kernel,0.000241135,0.000241135,0,[0.000241134911775589],bs_last,fp16,NVIDIA_A100-PCIE-40GB
"[[3, 192, 768, 1]]",25088,kernel,0.000785392,0.000785392,0,[0.0007853917218744754],bs_last,fp16,NVIDIA_A100-PCIE-40GB
"[[3, 256, 64, 1]]",25088,kernel,0.000162018,0.000162018,0,[0.00016201794147491455],bs_last,fp16,NVIDIA_A100-PCIE-40GB
"[[3, 256, 256, 1]]",25088,kernel,0.000401207,0.000401207,0,[0.0004012068547308445],bs_last,fp16,NVIDIA_A100-PCIE-40GB
"[[3, 256, 1024, 1]]",25088,kernel,0.001357194,0.001357194,0,[0.0013571943528950215],bs_last,fp16,NVIDIA_A100-PCIE-40GB
"[[3, 384, 96, 1]]",25088,kernel,0.000288349,0.000288349,0,[0.00028834881260991096],bs_last,fp16,NVIDIA_A100-PCIE-40GB
"[[3, 384, 384, 1]]",25088,kernel,0.00082539,0.00082539,0,[0.0008253896981477737],bs_last,fp16,NVIDIA_A100-PCIE-40GB
"[[3, 512, 128, 1]]",25088,kernel,0.000451053,0.000451053,0,[0.0004510529153048992],bs_last,fp16,NVIDIA_A100-PCIE-40GB
"[[3, 512, 512, 1]]",25088,kernel,0.001393615,0.001393615,0,[0.0013936145603656769],bs_last,fp16,NVIDIA_A100-PCIE-40GB
"[[3, 768, 192, 1]]",25088,kernel,0.000892983,0.000892983,0,[0.000892983004450798],bs_last,fp16,NVIDIA_A100-PCIE-40GB
"[[3, 768, 768, 1]]",25088,kernel,0.003018365,0.003018365,0,[0.0030183648876845838],bs_last,fp16,NVIDIA_A100-PCIE-40GB
"[[3, 1024, 256, 1]]",25088,kernel,0.001498326,0.001498326,0,[0.0014983255788683892],bs_last,fp16,NVIDIA_A100-PCIE-40GB
"[[3, 1024, 1024, 1]]",25088,kernel,0.005502671,0.005502671,5.73E-06,"[0.005496945977210998, 0.005508396588265896]",bs_last,fp16,NVIDIA_A100-PCIE-40GB
"[[4, 48, 48, 1]]",25088,kernel,5.76E-05,5.76E-05,0,[5.757216364145279e-05],bs_last,fp16,NVIDIA_A100-PCIE-40GB
"[[4, 48, 192, 1]]",25088,kernel,0.000105717,0.000105717,0,[0.00010571716353297234],bs_last,fp16,NVIDIA_A100-PCIE-40GB
"[[4, 64, 64, 1]]",25088,kernel,6.42E-05,6.42E-05,0,[6.423134356737137e-05],bs_last,fp16,NVIDIA_A100-PCIE-40GB
"[[4, 64, 256, 1]]",25088,kernel,0.000160596,0.000160596,0,[0.00016059646382927896],bs_last,fp16,NVIDIA_A100-PCIE-40GB
"[[4, 96, 96, 1]]",25088,kernel,0.000124536,0.000124536,0,[0.000124535970389843],bs_last,fp16,NVIDIA_A100-PCIE-40GB
"[[4, 96, 384, 1]]",25088,kernel,0.000320811,0.000320811,0,[0.00032081114128232005],bs_last,fp16,NVIDIA_A100-PCIE-40GB
"[[4, 128, 128, 1]]",25088,kernel,0.000164943,0.000164943,0,[0.0001649428717792034],bs_last,fp16,NVIDIA_A100-PCIE-40GB
"[[4, 128, 512, 1]]",25088,kernel,0.000512565,0.000512565,0,[0.0005125649273395539],bs_last,fp16,NVIDIA_A100-PCIE-40GB
"[[4, 192, 48, 1]]",25088,kernel,0.000151537,0.000151537,0,[0.00015153719112277032],bs_last,fp16,NVIDIA_A100-PCIE-40GB
"[[4, 192, 192, 1]]",25088,kernel,0.000361964,0.000361964,0,[0.00036196397617459296],bs_last,fp16,NVIDIA_A100-PCIE-40GB
"[[4, 192, 768, 1]]",25088,kernel,0.00106504,0.00106504,0,[0.0010650397092103958],bs_last,fp16,NVIDIA_A100-PCIE-40GB
"[[4, 256, 64, 1]]",25088,kernel,0.000194238,0.000194238,0,[0.0001942380890250206],bs_last,fp16,NVIDIA_A100-PCIE-40GB
"[[4, 256, 256, 1]]",25088,kernel,0.000544226,0.000544226,0,[0.0005442255549132824],bs_last,fp16,NVIDIA_A100-PCIE-40GB
"[[4, 256, 1024, 1]]",25088,kernel,0.001872575,0.001872575,0,[0.0018725751526653767],bs_last,fp16,NVIDIA_A100-PCIE-40GB
"[[4, 384, 96, 1]]",25088,kernel,0.000406457,0.000406457,0,[0.0004064572602510452],bs_last,fp16,NVIDIA_A100-PCIE-40GB
"[[4, 384, 384, 1]]",25088,kernel,0.001081854,0.001081854,0,[0.0010818541049957275],bs_last,fp16,NVIDIA_A100-PCIE-40GB
"[[4, 512, 128, 1]]",25088,kernel,0.000595558,0.000595558,0,[0.0005955577082931995],bs_last,fp16,NVIDIA_A100-PCIE-40GB
"[[4, 512, 512, 1]]",25088,kernel,0.001857968,0.001857968,0,[0.001857967972755432],bs_last,fp16,NVIDIA_A100-PCIE-40GB
"[[4, 768, 192, 1]]",25088,kernel,0.00119613,0.00119613,0,[0.0011961298249661923],bs_last,fp16,NVIDIA_A100-PCIE-40GB
"[[4, 768, 768, 1]]",25088,kernel,0.003988499,0.003988499,0,[0.00398849856108427],bs_last,fp16,NVIDIA_A100-PCIE-40GB
"[[4, 1024, 256, 1]]",25088,kernel,0.001997904,0.001997904,0,[0.001997904162853956],bs_last,fp16,NVIDIA_A100-PCIE-40GB
"[[4, 1024, 1024, 1]]",25088,kernel,0.00684138,0.00684138,5.11E-06,"[0.006836272776126862, 0.006846487894654274]",bs_last,fp16,NVIDIA_A100-PCIE-40GB
"[[6, 48, 48, 1]]",25088,kernel,9.44E-05,9.44E-05,0,[9.43671353161335e-05],bs_last,fp16,NVIDIA_A100-PCIE-40GB
"[[6, 48, 192, 1]]",25088,kernel,0.000150256,0.000150256,0,[0.00015025626868009567],bs_last,fp16,NVIDIA_A100-PCIE-40GB
"[[6, 64, 64, 1]]",25088,kernel,8.73E-05,8.73E-05,0,[8.727384731173515e-05],bs_last,fp16,NVIDIA_A100-PCIE-40GB
"[[6, 64, 256, 1]]",25088,kernel,0.000224983,0.000224983,0,[0.0002249826118350029],bs_last,fp16,NVIDIA_A100-PCIE-40GB
"[[6, 96, 96, 1]]",25088,kernel,0.000148433,0.000148433,0,[0.0001484331116080284],bs_last,fp16,NVIDIA_A100-PCIE-40GB
"[[6, 96, 384, 1]]",25088,kernel,0.000477888,0.000477888,0,[0.0004778882674872875],bs_last,fp16,NVIDIA_A100-PCIE-40GB
"[[6, 128, 128, 1]]",25088,kernel,0.000240294,0.000240294,0,[0.00024029435589909554],bs_last,fp16,NVIDIA_A100-PCIE-40GB
"[[6, 128, 512, 1]]",25088,kernel,0.000730452,0.000730452,0,[0.0007304523885250092],bs_last,fp16,NVIDIA_A100-PCIE-40GB
"[[6, 192, 48, 1]]",25088,kernel,0.00023128,0.00023128,0,[0.0002312798611819744],bs_last,fp16,NVIDIA_A100-PCIE-40GB
"[[6, 192, 192, 1]]",25088,kernel,0.000472851,0.000472851,0,[0.0004728514328598976],bs_last,fp16,NVIDIA_A100-PCIE-40GB
"[[6, 192, 768, 1]]",25088,kernel,0.001552048,0.001552048,0,[0.0015520482696592807],bs_last,fp16,NVIDIA_A100-PCIE-40GB
"[[6, 256, 64, 1]]",25088,kernel,0.00029232,0.00029232,0,[0.0002923196740448475],bs_last,fp16,NVIDIA_A100-PCIE-40GB
"[[6, 256, 256, 1]]",25088,kernel,0.000868816,0.000868816,0,[0.0008688164129853249],bs_last,fp16,NVIDIA_A100-PCIE-40GB
"[[6, 256, 1024, 1]]",25088,kernel,0.002722609,0.002722609,0,[0.0027226092107594012],bs_last,fp16,NVIDIA_A100-PCIE-40GB
"[[6, 384, 96, 1]]",25088,kernel,0.000611731,0.000611731,0,[0.0006117314472794533],bs_last,fp16,NVIDIA_A100-PCIE-40GB
"[[6, 384, 384, 1]]",25088,kernel,0.001627645,0.001627645,0,[0.0016276447661221027],bs_last,fp16,NVIDIA_A100-PCIE-40GB
"[[6, 512, 128, 1]]",25088,kernel,0.000887894,0.000887894,0,[0.0008878935128450394],bs_last,fp16,NVIDIA_A100-PCIE-40GB
"[[6, 512, 512, 1]]",25088,kernel,0.002792808,0.002792808,0,[0.0027928076684474944],bs_last,fp16,NVIDIA_A100-PCIE-40GB
"[[6, 768, 192, 1]]",25088,kernel,0.001778583,0.001778583,0,[0.0017785833403468133],bs_last,fp16,NVIDIA_A100-PCIE-40GB
"[[6, 768, 768, 1]]",25088,kernel,0.00593349,0.00593349,3.39E-06,"[0.005930102616548538, 0.0059368772432208065]",bs_last,fp16,NVIDIA_A100-PCIE-40GB
"[[6, 1024, 256, 1]]",25088,kernel,0.002975259,0.002975259,0,[0.002975258678197861],bs_last,fp16,NVIDIA_A100-PCIE-40GB
"[[6, 1024, 1024, 1]]",25088,kernel,0.010335519,0.010335519,4.10E-05,"[0.010294505767524243, 0.01037653125822544]",bs_last,fp16,NVIDIA_A100-PCIE-40GB
"[[8, 48, 48, 1]]",25088,kernel,0.0001303,0.0001303,0,[0.00013029996305704116],bs_last,fp16,NVIDIA_A100-PCIE-40GB
"[[8, 48, 192, 1]]",25088,kernel,0.000198427,0.000198427,0,[0.00019842684268951417],bs_last,fp16,NVIDIA_A100-PCIE-40GB
"[[8, 64, 64, 1]]",25088,kernel,0.000108267,0.000105901,3.55E-06,"[0.00011300035379827023, 0.00010590088181197644, 0.0001059008501470089]",bs_last,fp16,NVIDIA_A100-PCIE-40GB
"[[8, 64, 256, 1]]",25088,kernel,0.000273726,0.000273726,0,[0.00027372604236006735],bs_last,fp16,NVIDIA_A100-PCIE-40GB
"[[8, 96, 96, 1]]",25088,kernel,0.000189245,0.000189245,0,[0.00018924545496702195],bs_last,fp16,NVIDIA_A100-PCIE-40GB
"[[8, 96, 384, 1]]",25088,kernel,0.000590676,0.000590676,0,[0.0005906756967306137],bs_last,fp16,NVIDIA_A100-PCIE-40GB
"[[8, 128, 128, 1]]",25088,kernel,0.000319943,0.000319943,0,[0.00031994344666600225],bs_last,fp16,NVIDIA_A100-PCIE-40GB
"[[8, 128, 512, 1]]",25088,kernel,0.000966818,0.000966818,0,[0.0009668181836605072],bs_last,fp16,NVIDIA_A100-PCIE-40GB
"[[8, 192, 48, 1]]",25088,kernel,0.000317595,0.000317595,0,[0.0003175954148173332],bs_last,fp16,NVIDIA_A100-PCIE-40GB
"[[8, 192, 192, 1]]",25088,kernel,0.000635318,0.000635318,0,[0.0006353179924190044],bs_last,fp16,NVIDIA_A100-PCIE-40GB
"[[8, 192, 768, 1]]",25088,kernel,0.002054544,0.002054544,0,[0.0020545443147420885],bs_last,fp16,NVIDIA_A100-PCIE-40GB
"[[8, 256, 64, 1]]",25088,kernel,0.000388441,0.000388441,0,[0.0003884408436715603],bs_last,fp16,NVIDIA_A100-PCIE-40GB
"[[8, 256, 256, 1]]",25088,kernel,0.001040072,0.001040072,0,[0.0010400723293423652],bs_last,fp16,NVIDIA_A100-PCIE-40GB
"[[8, 256, 1024, 1]]",25088,kernel,0.003574973,0.003574973,0,[0.0035749730095267296],bs_last,fp16,NVIDIA_A100-PCIE-40GB
"[[8, 384, 96, 1]]",25088,kernel,0.000773514,0.000773514,0,[0.000773514062166214],bs_last,fp16,NVIDIA_A100-PCIE-40GB
"[[8, 384, 384, 1]]",25088,kernel,0.002370136,0.002370136,0,[0.0023701358400285244],bs_last,fp16,NVIDIA_A100-PCIE-40GB
"[[8, 512, 128, 1]]",25088,kernel,0.001186565,0.001186565,0,[0.0011865648813545705],bs_last,fp16,NVIDIA_A100-PCIE-40GB
"[[8, 512, 512, 1]]",25088,kernel,0.003676832,0.003676832,0,[0.0036768316477537154],bs_last,fp16,NVIDIA_A100-PCIE-40GB
"[[8, 768, 192, 1]]",25088,kernel,0.002375732,0.002375732,0,[0.002375731933861971],bs_last,fp16,NVIDIA_A100-PCIE-40GB
"[[8, 768, 768, 1]]",25088,kernel,0.008046319,0.008046319,6.12E-05,"[0.008107567206025124, 0.00798506997525692]",bs_last,fp16,NVIDIA_A100-PCIE-40GB
"[[8, 1024, 256, 1]]",25088,kernel,0.004058128,0.004058128,0,[0.004058128297328949],bs_last,fp16,NVIDIA_A100-PCIE-40GB
"[[8, 1024, 1024, 1]]",25088,kernel,0.013846305,0.013846305,2.31E-06,"[0.013843990862369537, 0.013848619535565376]",bs_last,fp16,NVIDIA_A100-PCIE-40GB
"[[12, 48, 48, 1]]",25088,kernel,0.000188624,0.000188624,0,[0.00018862413242459297],bs_last,fp16,NVIDIA_A100-PCIE-40GB
"[[12, 48, 192, 1]]",25088,kernel,0.000311465,0.000311465,0,[0.00031146543100476267],bs_last,fp16,NVIDIA_A100-PCIE-40GB
"[[12, 64, 64, 1]]",25088,kernel,0.000166572,0.000166572,0,[0.00016657156869769095],bs_last,fp16,NVIDIA_A100-PCIE-40GB
"[[12, 64, 256, 1]]",25088,kernel,0.000462028,0.000462028,0,[0.00046202840283513067],bs_last,fp16,NVIDIA_A100-PCIE-40GB
"[[12, 96, 96, 1]]",25088,kernel,0.000291248,0.000291248,0,[0.0002912481315433979],bs_last,fp16,NVIDIA_A100-PCIE-40GB
"[[12, 96, 384, 1]]",25088,kernel,0.000891894,0.000891894,0,[0.0008918939903378487],bs_last,fp16,NVIDIA_A100-PCIE-40GB
"[[12, 128, 128, 1]]",25088,kernel,0.000480625,0.000480625,0,[0.0004806252010166645],bs_last,fp16,NVIDIA_A100-PCIE-40GB
"[[12, 128, 512, 1]]",25088,kernel,0.001470857,0.001470857,0,[0.0014708573743700982],bs_last,fp16,NVIDIA_A100-PCIE-40GB
"[[12, 192, 48, 1]]",25088,kernel,0.000477664,0.000477664,0,[0.00047766366973519327],bs_last,fp16,NVIDIA_A100-PCIE-40GB
"[[12, 192, 192, 1]]",25088,kernel,0.000939428,0.000939428,0,[0.0009394283965229989],bs_last,fp16,NVIDIA_A100-PCIE-40GB
"[[12, 192, 768, 1]]",25088,kernel,0.003074506,0.003074506,0,[0.0030745063349604607],bs_last,fp16,NVIDIA_A100-PCIE-40GB
"[[12, 256, 64, 1]]",25088,kernel,0.000586305,0.000586305,0,[0.0005863045528531074],bs_last,fp16,NVIDIA_A100-PCIE-40GB
"[[12, 256, 256, 1]]",25088,kernel,0.00155081,0.00155081,0,[0.001550809945911169],bs_last,fp16,NVIDIA_A100-PCIE-40GB
"[[12, 256, 1024, 1]]",25088,kernel,0.005426709,0.005426709,0,[0.005426709111779928],bs_last,fp16,NVIDIA_A100-PCIE-40GB
"[[12, 384, 96, 1]]",25088,kernel,0.001211493,0.001211493,0,[0.0012114930897951127],bs_last,fp16,NVIDIA_A100-PCIE-40GB
"[[12, 384, 384, 1]]",25088,kernel,0.003604391,0.003604391,0,[0.003604390639811754],bs_last,fp16,NVIDIA_A100-PCIE-40GB
"[[12, 512, 128, 1]]",25088,kernel,0.001780842,0.001780842,0,[0.0017808417044579982],bs_last,fp16,NVIDIA_A100-PCIE-40GB
"[[12, 512, 512, 1]]",25088,kernel,0.005722905,0.005722905,0.000294859,"[0.00601776372641325, 0.00542804654687643]",bs_last,fp16,NVIDIA_A100-PCIE-40GB
"[[12, 768, 192, 1]]",25088,kernel,0.003564439,0.003564439,0,[0.003564438559114933],bs_last,fp16,NVIDIA_A100-PCIE-40GB
"[[12, 768, 768, 1]]",25088,kernel,0.011930227,0.011930227,3.52E-06,"[0.011926710791885852, 0.011933743953704834]",bs_last,fp16,NVIDIA_A100-PCIE-40GB
"[[12, 1024, 256, 1]]",25088,kernel,0.005932503,0.005932503,1.49E-06,"[0.005933995544910431, 0.005931011214852333]",bs_last,fp16,NVIDIA_A100-PCIE-40GB
"[[12, 1024, 1024, 1]]",25088,kernel,0.021415623,0.021415623,2.51E-07,"[0.02141537182033062, 0.021415873616933822]",bs_last,fp16,NVIDIA_A100-PCIE-40GB
"[[16, 48, 48, 1]]",25088,kernel,0.000252084,0.000252084,0,[0.0002520842477679253],bs_last,fp16,NVIDIA_A100-PCIE-40GB
"[[16, 48, 192, 1]]",25088,kernel,0.000403654,0.000403654,0,[0.0004036537744104862],bs_last,fp16,NVIDIA_A100-PCIE-40GB
"[[16, 64, 64, 1]]",25088,kernel,0.000206719,0.000206719,0,[0.00020671918988227845],bs_last,fp16,NVIDIA_A100-PCIE-40GB
"[[16, 64, 256, 1]]",25088,kernel,0.00056679,0.00056679,0,[0.0005667898431420326],bs_last,fp16,NVIDIA_A100-PCIE-40GB
"[[16, 96, 96, 1]]",25088,kernel,0.000395905,0.000395905,0,[0.00039590518921613695],bs_last,fp16,NVIDIA_A100-PCIE-40GB
"[[16, 96, 384, 1]]",25088,kernel,0.00111187,0.00111187,0,[0.001111869551241398],bs_last,fp16,NVIDIA_A100-PCIE-40GB
"[[16, 128, 128, 1]]",25088,kernel,0.000631956,0.000631956,0,[0.0006319558434188366],bs_last,fp16,NVIDIA_A100-PCIE-40GB
"[[16, 128, 512, 1]]",25088,kernel,0.001940313,0.001940313,0,[0.0019403126649558545],bs_last,fp16,NVIDIA_A100-PCIE-40GB
"[[16, 192, 48, 1]]",25088,kernel,0.000636973,0.000636973,0,[0.0006369727104902267],bs_last,fp16,NVIDIA_A100-PCIE-40GB
"[[16, 192, 192, 1]]",25088,kernel,0.001218079,0.001218079,0,[0.0012180787697434426],bs_last,fp16,NVIDIA_A100-PCIE-40GB
"[[16, 192, 768, 1]]",25088,kernel,0.004115552,0.004115552,0,[0.0041155521012842654],bs_last,fp16,NVIDIA_A100-PCIE-40GB
"[[16, 256, 64, 1]]",25088,kernel,0.000817533,0.000817533,0,[0.0008175333030521869],bs_last,fp16,NVIDIA_A100-PCIE-40GB
"[[16, 256, 256, 1]]",25088,kernel,0.002040624,0.002040624,0,[0.002040623873472214],bs_last,fp16,NVIDIA_A100-PCIE-40GB
"[[16, 256, 1024, 1]]",25088,kernel,0.007069659,0.007069659,7.53E-06,"[0.00706212930381298, 0.007077189534902573]",bs_last,fp16,NVIDIA_A100-PCIE-40GB
"[[16, 384, 96, 1]]",25088,kernel,0.001531354,0.001531354,0,[0.001531354207545519],bs_last,fp16,NVIDIA_A100-PCIE-40GB
"[[16, 384, 384, 1]]",25088,kernel,0.004743768,0.004743768,0,[0.0047437682747840885],bs_last,fp16,NVIDIA_A100-PCIE-40GB
"[[16, 512, 128, 1]]",25088,kernel,0.002336974,0.002336974,0,[0.002336974162608385],bs_last,fp16,NVIDIA_A100-PCIE-40GB
"[[16, 512, 512, 1]]",25088,kernel,0.007317302,0.007317302,6.67E-06,"[0.007310632057487965, 0.007323971018195152]",bs_last,fp16,NVIDIA_A100-PCIE-40GB
"[[16, 768, 192, 1]]",25088,kernel,0.004824871,0.004824871,0,[0.0048248711414635185],bs_last,fp16,NVIDIA_A100-PCIE-40GB
"[[16, 768, 768, 1]]",25088,kernel,0.016220468,0.016220468,1.81E-05,"[0.01623861026018858, 0.016202325001358986]",bs_last,fp16,NVIDIA_A100-PCIE-40GB
"[[16, 1024, 256, 1]]",25088,kernel,0.007918667,0.007918667,7.26E-06,"[0.00791140329092741, 0.007925931364297867]",bs_last,fp16,NVIDIA_A100-PCIE-40GB
"[[16, 1024, 1024, 1]]",25088,kernel,0.030311677,0.030311677,0.000386014,"[0.029925663024187088, 0.030697690322995186]",bs_last,fp16,NVIDIA_A100-PCIE-40GB
"[[24, 48, 48, 1]]",25088,kernel,0.000376585,0.000376585,0,[0.000376584529876709],bs_last,fp16,NVIDIA_A100-PCIE-40GB
"[[24, 48, 192, 1]]",25088,kernel,0.000566759,0.000566759,0,[0.0005667592026293278],bs_last,fp16,NVIDIA_A100-PCIE-40GB
"[[24, 64, 64, 1]]",25088,kernel,0.000327236,0.000327236,0,[0.0003272358328104019],bs_last,fp16,NVIDIA_A100-PCIE-40GB
"[[24, 64, 256, 1]]",25088,kernel,0.000843631,0.000843631,0,[0.0008436309732496738],bs_last,fp16,NVIDIA_A100-PCIE-40GB
"[[24, 96, 96, 1]]",25088,kernel,0.000665948,0.000665948,0,[0.0006659478694200515],bs_last,fp16,NVIDIA_A100-PCIE-40GB
"[[24, 96, 384, 1]]",25088,kernel,0.001664396,0.001664396,0,[0.0016643962822854518],bs_last,fp16,NVIDIA_A100-PCIE-40GB
"[[24, 128, 128, 1]]",25088,kernel,0.000933996,0.000933996,0,[0.0009339964389801026],bs_last,fp16,NVIDIA_A100-PCIE-40GB
"[[24, 128, 512, 1]]",25088,kernel,0.002961715,0.002961715,0,[0.0029617150500416754],bs_last,fp16,NVIDIA_A100-PCIE-40GB
"[[24, 192, 48, 1]]",25088,kernel,0.000971846,0.000971846,0,[0.0009718458354473114],bs_last,fp16,NVIDIA_A100-PCIE-40GB
"[[24, 192, 192, 1]]",25088,kernel,0.001855885,0.001855885,0,[0.0018558850139379502],bs_last,fp16,NVIDIA_A100-PCIE-40GB
"[[24, 192, 768, 1]]",25088,kernel,0.006123256,0.006123256,5.14E-05,"[0.006071898899972439, 0.006174613162875176]",bs_last,fp16,NVIDIA_A100-PCIE-40GB
"[[24, 256, 64, 1]]",25088,kernel,0.001216614,0.001216614,0,[0.0012166141346096992],bs_last,fp16,NVIDIA_A100-PCIE-40GB
"[[24, 256, 256, 1]]",25088,kernel,0.00305508,0.00305508,0,[0.003055080249905586],bs_last,fp16,NVIDIA_A100-PCIE-40GB
"[[24, 256, 1024, 1]]",25088,kernel,0.010708232,0.010708232,1.03E-05,"[0.010697925463318825, 0.01071853842586279]",bs_last,fp16,NVIDIA_A100-PCIE-40GB
"[[24, 384, 96, 1]]",25088,kernel,0.002406886,0.002406886,0,[0.0024068855680525305],bs_last,fp16,NVIDIA_A100-PCIE-40GB
"[[24, 384, 384, 1]]",25088,kernel,0.006438806,0.006438806,8.08E-07,"[0.0064379977062344555, 0.006439613923430443]",bs_last,fp16,NVIDIA_A100-PCIE-40GB
"[[24, 512, 128, 1]]",25088,kernel,0.003528379,0.003528379,0,[0.0035283785313367844],bs_last,fp16,NVIDIA_A100-PCIE-40GB
"[[24, 512, 512, 1]]",25088,kernel,0.01106673,0.01106673,1.43E-05,"[0.011081047169864178, 0.01105241235345602]",bs_last,fp16,NVIDIA_A100-PCIE-40GB
"[[24, 768, 192, 1]]",25088,kernel,0.007118303,0.007118303,9.34E-07,"[0.007117368653416634, 0.007119237631559372]",bs_last,fp16,NVIDIA_A100-PCIE-40GB
"[[24, 768, 768, 1]]",25088,kernel,0.025406588,0.025406588,1.08E-05,"[0.02541738171130419, 0.02539579402655363]",bs_last,fp16,NVIDIA_A100-PCIE-40GB
"[[24, 1024, 256, 1]]",25088,kernel,0.011955558,0.011955558,4.98E-05,"[0.011905743181705475, 0.01200537234544754]",bs_last,fp16,NVIDIA_A100-PCIE-40GB
"[[24, 1024, 1024, 1]]",25088,kernel,0.045617634,0.045617634,0.000282949,"[0.04590058270841837, 0.04533468540757894]",bs_last,fp16,NVIDIA_A100-PCIE-40GB
"[[32, 48, 48, 1]]",25088,kernel,0.000502139,0.000502139,0,[0.0005021393112838268],bs_last,fp16,NVIDIA_A100-PCIE-40GB
"[[32, 48, 192, 1]]",25088,kernel,0.000747028,0.000747028,0,[0.0007470284588634967],bs_last,fp16,NVIDIA_A100-PCIE-40GB
"[[32, 64, 64, 1]]",25088,kernel,0.000432387,0.000432387,0,[0.0004323865659534931],bs_last,fp16,NVIDIA_A100-PCIE-40GB
"[[32, 64, 256, 1]]",25088,kernel,0.001070733,0.001070733,0,[0.001070732530206442],bs_last,fp16,NVIDIA_A100-PCIE-40GB
"[[32, 96, 96, 1]]",25088,kernel,0.000783037,0.000783037,0,[0.0007830368913710117],bs_last,fp16,NVIDIA_A100-PCIE-40GB
"[[32, 96, 384, 1]]",25088,kernel,0.002331422,0.002331422,0,[0.002331421934068203],bs_last,fp16,NVIDIA_A100-PCIE-40GB
"[[32, 128, 128, 1]]",25088,kernel,0.00124526,0.00124526,0,[0.0012452597729861736],bs_last,fp16,NVIDIA_A100-PCIE-40GB
"[[32, 128, 512, 1]]",25088,kernel,0.003827856,0.003827856,0,[0.003827856220304966],bs_last,fp16,NVIDIA_A100-PCIE-40GB
"[[32, 192, 48, 1]]",25088,kernel,0.001324776,0.001324776,4.66E-05,"[0.0013713715970516205, 0.0012781812623143195]",bs_last,fp16,NVIDIA_A100-PCIE-40GB
"[[32, 192, 192, 1]]",25088,kernel,0.002469422,0.002469422,0,[0.0024694215878844263],bs_last,fp16,NVIDIA_A100-PCIE-40GB
"[[32, 192, 768, 1]]",25088,kernel,0.008211252,0.008211252,4.41E-06,"[0.008206847123801708, 0.008215657621622085]",bs_last,fp16,NVIDIA_A100-PCIE-40GB
"[[32, 256, 64, 1]]",25088,kernel,0.001565377,0.001565377,0,[0.001565377116203308],bs_last,fp16,NVIDIA_A100-PCIE-40GB
"[[32, 256, 256, 1]]",25088,kernel,0.00404572,0.00404572,1.64E-05,"[0.004029333963990212, 0.0040621068328619]",bs_last,fp16,NVIDIA_A100-PCIE-40GB
"[[32, 256, 1024, 1]]",25088,kernel,0.014348511,0.014348511,3.75E-08,"[0.014348473027348518, 0.014348548091948032]",bs_last,fp16,NVIDIA_A100-PCIE-40GB
"[[32, 384, 96, 1]]",25088,kernel,0.00320541,0.00320541,0,[0.003205409552901983],bs_last,fp16,NVIDIA_A100-PCIE-40GB
"[[32, 384, 384, 1]]",25088,kernel,0.008574615,0.008574615,3.31E-06,"[0.008571306057274342, 0.008577924780547619]",bs_last,fp16,NVIDIA_A100-PCIE-40GB
"[[32, 512, 128, 1]]",25088,kernel,0.004768515,0.004768515,0,[0.004768514633178711],bs_last,fp16,NVIDIA_A100-PCIE-40GB
"[[32, 512, 512, 1]]",25088,kernel,0.014763859,0.014763859,4.63E-05,"[0.014717565290629864, 0.014810151793062687]",bs_last,fp16,NVIDIA_A100-PCIE-40GB
"[[32, 768, 192, 1]]",25088,kernel,0.009531426,0.009531426,2.59E-06,"[0.009534017369151115, 0.009528834372758865]",bs_last,fp16,NVIDIA_A100-PCIE-40GB
"[[32, 768, 768, 1]]",25088,kernel,0.034900661,0.034900661,0.000277161,"[0.03462350014597178, 0.03517782185226679]",bs_last,fp16,NVIDIA_A100-PCIE-40GB
"[[32, 1024, 256, 1]]",25088,kernel,0.016207168,0.016207168,2.80E-06,"[0.016209969110786916, 0.016204366646707057]",bs_last,fp16,NVIDIA_A100-PCIE-40GB
"[[32, 1024, 1024, 1]]",25088,kernel,0.061014217,0.060513314,0.000668113,"[0.060516463592648506, 0.06049518287181854, 0.06049080938100815, 0.060490330681204796, 0.060503384098410606, 0.060503654181957245, 0.06051331385970116, 0.061627347022295, 0.0636811051517725, 0.06140037626028061, 0.06093441694974899]",bs_last,fp16,NVIDIA_A100-PCIE-40GB
"[[48, 48, 48, 1]]",25088,kernel,0.000750637,0.000750637,0,[0.000750636514276266],bs_last,fp16,NVIDIA_A100-PCIE-40GB
"[[48, 48, 192, 1]]",25088,kernel,0.001113623,0.001113623,0,[0.0011136234365403653],bs_last,fp16,NVIDIA_A100-PCIE-40GB
"[[48, 64, 64, 1]]",25088,kernel,0.000640681,0.000640681,0,[0.0006406805664300919],bs_last,fp16,NVIDIA_A100-PCIE-40GB
"[[48, 64, 256, 1]]",25088,kernel,0.001609162,0.001609162,0,[0.0016091624461114407],bs_last,fp16,NVIDIA_A100-PCIE-40GB
"[[48, 96, 96, 1]]",25088,kernel,0.001169642,0.001169642,0,[0.0011696422286331654],bs_last,fp16,NVIDIA_A100-PCIE-40GB
"[[48, 96, 384, 1]]",25088,kernel,0.003475483,0.003475483,0,[0.003475482854992151],bs_last,fp16,NVIDIA_A100-PCIE-40GB
"[[48, 128, 128, 1]]",25088,kernel,0.001809471,0.001809471,0,[0.0018094713985919953],bs_last,fp16,NVIDIA_A100-PCIE-40GB
"[[48, 128, 512, 1]]",25088,kernel,0.005692185,0.005692185,1.68E-05,"[0.0056754335761070255, 0.005708935856819153]",bs_last,fp16,NVIDIA_A100-PCIE-40GB
"[[48, 192, 48, 1]]",25088,kernel,0.001903501,0.001903501,0,[0.0019035009108483792],bs_last,fp16,NVIDIA_A100-PCIE-40GB
"[[48, 192, 192, 1]]",25088,kernel,0.003722364,0.003722364,0,[0.00372236393392086],bs_last,fp16,NVIDIA_A100-PCIE-40GB
"[[48, 192, 768, 1]]",25088,kernel,0.012363213,0.012363213,9.33E-07,"[0.012362280301749707, 0.01236414648592472]",bs_last,fp16,NVIDIA_A100-PCIE-40GB
"[[48, 256, 64, 1]]",25088,kernel,0.002423492,0.002423492,0,[0.002423492465168238],bs_last,fp16,NVIDIA_A100-PCIE-40GB
"[[48, 256, 256, 1]]",25088,kernel,0.006103804,0.006103804,9.83E-06,"[0.0061136303469538685, 0.006093977019190788]",bs_last,fp16,NVIDIA_A100-PCIE-40GB
"[[48, 256, 1024, 1]]",25088,kernel,0.022607308,0.022607308,0.000292934,"[0.022314373590052127, 0.022900241427123547]",bs_last,fp16,NVIDIA_A100-PCIE-40GB
"[[48, 384, 96, 1]]",25088,kernel,0.00465257,0.00465257,0,[0.0046525696478784085],bs_last,fp16,NVIDIA_A100-PCIE-40GB
"[[48, 384, 384, 1]]",25088,kernel,0.01297607,0.01297607,6.43E-05,"[0.012911739572882653, 0.013040401227772235]",bs_last,fp16,NVIDIA_A100-PCIE-40GB
"[[48, 512, 128, 1]]",25088,kernel,0.007025165,0.007025165,3.16E-05,"[0.0070567246526479725, 0.0069936059415340425]",bs_last,fp16,NVIDIA_A100-PCIE-40GB
"[[48, 512, 512, 1]]",25088,kernel,0.023063584,0.023063584,6.38E-07,"[0.02306422162801027, 0.023062946274876595]",bs_last,fp16,NVIDIA_A100-PCIE-40GB
"[[48, 768, 192, 1]]",25088,kernel,0.014424497,0.014424497,2.09E-05,"[0.01440354697406292, 0.01444544605910778]",bs_last,fp16,NVIDIA_A100-PCIE-40GB
"[[48, 768, 768, 1]]",25088,kernel,0.052423242,0.052423242,9.14E-05,"[0.05251465551555157, 0.05233182907104492]",bs_last,fp16,NVIDIA_A100-PCIE-40GB
"[[48, 1024, 256, 1]]",25088,kernel,0.025572412,0.025572412,8.07E-07,"[0.025571605004370213, 0.025573219545185565]",bs_last,fp16,NVIDIA_A100-PCIE-40GB
"[[48, 1024, 1024, 1]]",25088,kernel,0.091318167,0.09071433,0.000846882,"[0.09071432985365391, 0.09068918973207474, 0.09068338014185429, 0.09068150445818901, 0.09087231941521168, 0.09464269690215588, 0.09188085980713367, 0.09056823328137398, 0.09180511720478535, 0.09126121737062931, 0.09070098400115967]",bs_last,fp16,NVIDIA_A100-PCIE-40GB
"[[64, 48, 48, 1]]",25088,kernel,0.000997296,0.000997296,0,[0.0009972956404089928],bs_last,fp16,NVIDIA_A100-PCIE-40GB
"[[64, 48, 192, 1]]",25088,kernel,0.00148451,0.00148451,0,[0.001484509501606226],bs_last,fp16,NVIDIA_A100-PCIE-40GB
"[[64, 64, 64, 1]]",25088,kernel,0.000804206,0.000804206,0,[0.000804205872118473],bs_last,fp16,NVIDIA_A100-PCIE-40GB
"[[64, 64, 256, 1]]",25088,kernel,0.00221552,0.00221552,0,[0.0022155199386179446],bs_last,fp16,NVIDIA_A100-PCIE-40GB
"[[64, 96, 96, 1]]",25088,kernel,0.001556877,0.001556877,0,[0.0015568768791854382],bs_last,fp16,NVIDIA_A100-PCIE-40GB
"[[64, 96, 384, 1]]",25088,kernel,0.004463602,0.004463602,0,[0.004463601857423782],bs_last,fp16,NVIDIA_A100-PCIE-40GB
"[[64, 128, 128, 1]]",25088,kernel,0.00246228,0.00246228,0,[0.0024622801877558233],bs_last,fp16,NVIDIA_A100-PCIE-40GB
"[[64, 128, 512, 1]]",25088,kernel,0.007666243,0.007666243,2.77E-05,"[0.00763851534575224, 0.007693970762193203]",bs_last,fp16,NVIDIA_A100-PCIE-40GB
"[[64, 192, 48, 1]]",25088,kernel,0.002512923,0.002512923,0,[0.0025129232369363306],bs_last,fp16,NVIDIA_A100-PCIE-40GB
"[[64, 192, 192, 1]]",25088,kernel,0.004924263,0.004924263,1.65E-05,"[0.00494073610752821, 0.004907788895070553]",bs_last,fp16,NVIDIA_A100-PCIE-40GB
"[[64, 192, 768, 1]]",25088,kernel,0.016953136,0.016953136,6.61E-07,"[0.016952474229037763, 0.01695379689335823]",bs_last,fp16,NVIDIA_A100-PCIE-40GB
"[[64, 256, 64, 1]]",25088,kernel,0.003224148,0.003224148,0,[0.003224148005247116],bs_last,fp16,NVIDIA_A100-PCIE-40GB
"[[64, 256, 256, 1]]",25088,kernel,0.008236488,0.008236488,1.67E-05,"[0.008253168873488903, 0.008219807967543602]",bs_last,fp16,NVIDIA_A100-PCIE-40GB
"[[64, 256, 1024, 1]]",25088,kernel,0.030926247,0.030926247,2.95E-05,"[0.030896782875061035, 0.030955712124705315]",bs_last,fp16,NVIDIA_A100-PCIE-40GB
"[[64, 384, 96, 1]]",25088,kernel,0.006403373,0.006403373,2.03E-06,"[0.006401346623897552, 0.006405399739742279]",bs_last,fp16,NVIDIA_A100-PCIE-40GB
"[[64, 384, 384, 1]]",25088,kernel,0.017523108,0.017523108,2.72E-06,"[0.0175203874707222, 0.01752582807093859]",bs_last,fp16,NVIDIA_A100-PCIE-40GB
"[[64, 512, 128, 1]]",25088,kernel,0.009392395,0.009392395,4.26E-05,"[0.009435019642114639, 0.009349771216511727]",bs_last,fp16,NVIDIA_A100-PCIE-40GB
"[[64, 512, 512, 1]]",25088,kernel,0.032131751,0.032131751,0.000253984,"[0.03187776654958725, 0.03238573521375656]",bs_last,fp16,NVIDIA_A100-PCIE-40GB
"[[64, 768, 192, 1]]",25088,kernel,0.019620905,0.019620905,9.88E-07,"[0.019619917310774327, 0.01962189357727766]",bs_last,fp16,NVIDIA_A100-PCIE-40GB
"[[64, 768, 768, 1]]",25088,kernel,0.069831243,0.069346752,0.000163874,"[0.06875927932560444, 0.06932957284152508, 0.06932809203863144, 0.0693405531346798, 0.06934461556375027, 0.06937056966125965, 0.07108190283179283, 0.07324446178972721, 0.06961357779800892, 0.06938429549336433, 0.06934675201773643]",bs_last,fp16,NVIDIA_A100-PCIE-40GB
"[[64, 1024, 256, 1]]",25088,kernel,0.035269872,0.035269872,0.00024732,"[0.03502255231142044, 0.03551719207316637]",bs_last,fp16,NVIDIA_A100-PCIE-40GB
"[[64, 1024, 1024, 1]]",25088,kernel,0.108947337,0.108434797,1.38E-05,"[0.1084314719773829, 0.10843418003059924, 0.10844210302457213, 0.11256415501702577, 0.10999117698520422, 0.10837861697655171, 0.10841672797687352, 0.10843479703180492, 0.10844566102605313, 0.1084343179827556, 0.10844749805983156]",bs_last,fp16,NVIDIA_A100-PCIE-40GB
"[[96, 48, 48, 1]]",25088,kernel,0.001492632,0.001492632,0,[0.0014926323667168618],bs_last,fp16,NVIDIA_A100-PCIE-40GB
"[[96, 48, 192, 1]]",25088,kernel,0.00221834,0.00221834,0,[0.0022183397226035596],bs_last,fp16,NVIDIA_A100-PCIE-40GB
"[[96, 64, 64, 1]]",25088,kernel,0.001275576,0.001275576,0,[0.0012755757942795754],bs_last,fp16,NVIDIA_A100-PCIE-40GB
"[[96, 64, 256, 1]]",25088,kernel,0.003215193,0.003215193,0,[0.0032151927053928374],bs_last,fp16,NVIDIA_A100-PCIE-40GB
"[[96, 96, 96, 1]]",25088,kernel,0.002330667,0.002330667,0,[0.0023306672275066375],bs_last,fp16,NVIDIA_A100-PCIE-40GB
"[[96, 96, 384, 1]]",25088,kernel,0.006921806,0.006921806,8.89E-07,"[0.00692269466817379, 0.006920917332172394]",bs_last,fp16,NVIDIA_A100-PCIE-40GB
"[[96, 128, 128, 1]]",25088,kernel,0.003688299,0.003688299,0,[0.003688299208879471],bs_last,fp16,NVIDIA_A100-PCIE-40GB
"[[96, 128, 512, 1]]",25088,kernel,0.011562572,0.011562572,3.96E-07,"[0.011562176048755646, 0.011562967859208583]",bs_last,fp16,NVIDIA_A100-PCIE-40GB
"[[96, 192, 48, 1]]",25088,kernel,0.003741496,0.003741496,0,[0.003741496484726667],bs_last,fp16,NVIDIA_A100-PCIE-40GB
"[[96, 192, 192, 1]]",25088,kernel,0.007512422,0.007512422,3.33E-05,"[0.00747914370149374, 0.007545699924230575]",bs_last,fp16,NVIDIA_A100-PCIE-40GB
"[[96, 192, 768, 1]]",25088,kernel,0.026432848,0.026432848,2.05E-05,"[0.026412360556423663, 0.026453335024416446]",bs_last,fp16,NVIDIA_A100-PCIE-40GB
"[[96, 256, 64, 1]]",25088,kernel,0.004808301,0.004808301,7.27E-06,"[0.004801028408110142, 0.004815573431551456]",bs_last,fp16,NVIDIA_A100-PCIE-40GB
"[[96, 256, 256, 1]]",25088,kernel,0.012453326,0.012453326,1.35E-06,"[0.012451976165175438, 0.012454676441848278]",bs_last,fp16,NVIDIA_A100-PCIE-40GB
"[[96, 384, 96, 1]]",25088,kernel,0.009359431,0.009359431,2.31E-05,"[0.00933633279055357, 0.009382528811693191]",bs_last,fp16,NVIDIA_A100-PCIE-40GB
"[[96, 384, 384, 1]]",25088,kernel,0.02800214,0.02800214,0.00034017,"[0.02766197007149458, 0.02834230978041887]",bs_last,fp16,NVIDIA_A100-PCIE-40GB
"[[96, 512, 128, 1]]",25088,kernel,0.014493041,0.014493041,2.14E-05,"[0.014471608959138394, 0.014514472335577011]",bs_last,fp16,NVIDIA_A100-PCIE-40GB
"[[96, 512, 512, 1]]",25088,kernel,0.048226452,0.048226452,0.000210786,"[0.04843723755329847, 0.0480156660079956]",bs_last,fp16,NVIDIA_A100-PCIE-40GB
"[[96, 768, 192, 1]]",25088,kernel,0.031290096,0.031290096,5.50E-05,"[0.031235138513147832, 0.03134505394846201]",bs_last,fp16,NVIDIA_A100-PCIE-40GB
"[[96, 768, 768, 1]]",25088,kernel,0.104547116,0.104036557,0.000995586,"[0.10398937948048115, 0.10397869721055031, 0.1039990484714508, 0.10654475912451744, 0.10548091493546963, 0.10359993577003479, 0.10403655655682087, 0.10519881173968315, 0.1047604363411665, 0.10395052097737789, 0.10447921045124531]",bs_last,fp16,NVIDIA_A100-PCIE-40GB
"[[128, 48, 48, 1]]",25088,kernel,0.001996611,0.001996611,0,[0.001996610537171364],bs_last,fp16,NVIDIA_A100-PCIE-40GB
"[[128, 48, 192, 1]]",25088,kernel,0.002947995,0.002947995,0,[0.002947995085269213],bs_last,fp16,NVIDIA_A100-PCIE-40GB
"[[128, 64, 64, 1]]",25088,kernel,0.001701625,0.001701625,0,[0.001701624747365713],bs_last,fp16,NVIDIA_A100-PCIE-40GB
"[[128, 64, 256, 1]]",25088,kernel,0.004452984,0.004452984,0,[0.004452984444797039],bs_last,fp16,NVIDIA_A100-PCIE-40GB
"[[128, 96, 96, 1]]",25088,kernel,0.003105532,0.003105532,0,[0.0031055322661995887],bs_last,fp16,NVIDIA_A100-PCIE-40GB
"[[128, 96, 384, 1]]",25088,kernel,0.009377027,0.009377027,3.81E-05,"[0.009338940121233463, 0.009415114298462868]",bs_last,fp16,NVIDIA_A100-PCIE-40GB
"[[128, 128, 128, 1]]",25088,kernel,0.004896772,0.004896772,0,[0.004896771758794784],bs_last,fp16,NVIDIA_A100-PCIE-40GB
"[[128, 128, 512, 1]]",25088,kernel,0.015706901,0.015706901,1.74E-06,"[0.01570515986531973, 0.01570864226669073]",bs_last,fp16,NVIDIA_A100-PCIE-40GB
"[[128, 192, 48, 1]]",25088,kernel,0.005009482,0.005009482,0,[0.005009481683373451],bs_last,fp16,NVIDIA_A100-PCIE-40GB
"[[128, 192, 192, 1]]",25088,kernel,0.00994956,0.00994956,1.14E-05,"[0.009938168711960316, 0.009960951656103135]",bs_last,fp16,NVIDIA_A100-PCIE-40GB
"[[128, 256, 64, 1]]",25088,kernel,0.006423405,0.006423405,2.83E-06,"[0.0064205735921859745, 0.006426236592233181]",bs_last,fp16,NVIDIA_A100-PCIE-40GB
"[[128, 256, 256, 1]]",25088,kernel,0.016746668,0.016746668,1.29E-05,"[0.016759575717151164, 0.01673375964164734]",bs_last,fp16,NVIDIA_A100-PCIE-40GB
"[[128, 384, 96, 1]]",25088,kernel,0.012999022,0.012999022,3.77E-05,"[0.012961288541555404, 0.013036755658686162]",bs_last,fp16,NVIDIA_A100-PCIE-40GB
"[[128, 384, 384, 1]]",25088,kernel,0.037630493,0.037630493,0.000312646,"[0.03794313929975033, 0.037317846342921256]",bs_last,fp16,NVIDIA_A100-PCIE-40GB
"[[128, 512, 128, 1]]",25088,kernel,0.019533212,0.019533212,2.14E-06,"[0.019535348005592822, 0.019531075283885]",bs_last,fp16,NVIDIA_A100-PCIE-40GB
"[[128, 512, 512, 1]]",25088,kernel,0.064169983,0.063765394,0.000287195,"[0.0637653935700655, 0.06377471797168255, 0.06375475972890854, 0.06375052779912949, 0.06375226750969887, 0.0637483261525631, 0.06375110894441605, 0.06377360410988331, 0.0663712490350008, 0.06512481532990932, 0.06430304795503616]",bs_last,fp16,NVIDIA_A100-PCIE-40GB
"[[1, 48, 48, 2]]",25088,kernel,5.24E-05,5.24E-05,0,[5.239345133304596e-05],bs_last,fp16,NVIDIA_A100-PCIE-40GB
"[[1, 48, 48, 3]]",25088,kernel,4.05E-05,4.05E-05,0,[4.0465593338012694e-05],bs_last,fp16,NVIDIA_A100-PCIE-40GB
"[[1, 48, 48, 4]]",25088,kernel,9.54E-05,9.54E-05,0,[9.536836296319962e-05],bs_last,fp16,NVIDIA_A100-PCIE-40GB
"[[1, 48, 48, 6]]",25088,kernel,0.000116278,0.000116278,0,[0.00011627847328782081],bs_last,fp16,NVIDIA_A100-PCIE-40GB
"[[1, 48, 48, 8]]",25088,kernel,0.000108589,0.000108589,0,[0.0001085885614156723],bs_last,fp16,NVIDIA_A100-PCIE-40GB
"[[1, 48, 48, 12]]",25088,kernel,0.000218649,0.000218649,0,[0.0002186492830514908],bs_last,fp16,NVIDIA_A100-PCIE-40GB
"[[1, 48, 48, 16]]",25088,kernel,0.000220758,0.000220758,0,[0.00022075846791267396],bs_last,fp16,NVIDIA_A100-PCIE-40GB
"[[1, 48, 48, 24]]",25088,kernel,0.000355388,0.000355388,0,[0.0003553876094520092],bs_last,fp16,NVIDIA_A100-PCIE-40GB
"[[1, 48, 48, 32]]",25088,kernel,0.000510224,0.000510224,0,[0.0005102240853011608],bs_last,fp16,NVIDIA_A100-PCIE-40GB
"[[1, 48, 48, 48]]",25088,kernel,0.000839947,0.000839947,0,[0.000839946512132883],bs_last,fp16,NVIDIA_A100-PCIE-40GB
"[[1, 48, 48, 64]]",25088,kernel,0.001129252,0.001129252,0,[0.001129252426326275],bs_last,fp16,NVIDIA_A100-PCIE-40GB
"[[1, 48, 48, 96]]",25088,kernel,0.001763757,0.001763757,0,[0.0017637569271028043],bs_last,fp16,NVIDIA_A100-PCIE-40GB
"[[1, 48, 48, 128]]",25088,kernel,0.00233152,0.00233152,0,[0.002331519816070795],bs_last,fp16,NVIDIA_A100-PCIE-40GB
"[[1, 48, 192, 2]]",25088,kernel,7.43E-05,7.43E-05,0,[7.431339472532272e-05],bs_last,fp16,NVIDIA_A100-PCIE-40GB
"[[1, 48, 192, 3]]",25088,kernel,8.11E-05,8.11E-05,0,[8.114639669656753e-05],bs_last,fp16,NVIDIA_A100-PCIE-40GB
"[[1, 48, 192, 4]]",25088,kernel,0.000120797,0.000120797,0,[0.00012079684063792228],bs_last,fp16,NVIDIA_A100-PCIE-40GB
"[[1, 48, 192, 6]]",25088,kernel,0.000134646,0.000134646,0,[0.00013464638963341712],bs_last,fp16,NVIDIA_A100-PCIE-40GB
"[[1, 48, 192, 8]]",25088,kernel,0.000234551,0.000234551,0,[0.000234550591558218],bs_last,fp16,NVIDIA_A100-PCIE-40GB
"[[1, 48, 192, 12]]",25088,kernel,0.000295235,0.000295235,0,[0.00029523491859436037],bs_last,fp16,NVIDIA_A100-PCIE-40GB
"[[1, 48, 192, 16]]",25088,kernel,0.0003879,0.0003879,0,[0.0003878997080028057],bs_last,fp16,NVIDIA_A100-PCIE-40GB
"[[1, 48, 192, 24]]",25088,kernel,0.000588759,0.000588759,0,[0.0005887589603662491],bs_last,fp16,NVIDIA_A100-PCIE-40GB
"[[1, 48, 192, 32]]",25088,kernel,0.000779279,0.000779279,0,[0.0007792791165411472],bs_last,fp16,NVIDIA_A100-PCIE-40GB
"[[1, 48, 192, 48]]",25088,kernel,0.001088988,0.001088988,0,[0.0010889881104230881],bs_last,fp16,NVIDIA_A100-PCIE-40GB
"[[1, 48, 192, 64]]",25088,kernel,0.001445528,0.001445528,0,[0.0014455283060669899],bs_last,fp16,NVIDIA_A100-PCIE-40GB
"[[1, 48, 192, 96]]",25088,kernel,0.002192221,0.002192221,0,[0.0021922210603952407],bs_last,fp16,NVIDIA_A100-PCIE-40GB
"[[1, 48, 192, 128]]",25088,kernel,0.00306619,0.00306619,0,[0.0030661901086568833],bs_last,fp16,NVIDIA_A100-PCIE-40GB
"[[1, 64, 64, 2]]",25088,kernel,4.34E-05,4.34E-05,0,[4.338359460234642e-05],bs_last,fp16,NVIDIA_A100-PCIE-40GB
"[[1, 64, 64, 3]]",25088,kernel,3.93E-05,3.93E-05,0,[3.9326120167970656e-05],bs_last,fp16,NVIDIA_A100-PCIE-40GB
"[[1, 64, 64, 4]]",25088,kernel,6.51E-05,6.51E-05,0,[6.505243480205536e-05],bs_last,fp16,NVIDIA_A100-PCIE-40GB
"[[1, 64, 64, 6]]",25088,kernel,9.72E-05,9.72E-05,0,[9.723396971821784e-05],bs_last,fp16,NVIDIA_A100-PCIE-40GB
"[[1, 64, 64, 8]]",25088,kernel,0.000116987,0.000116987,0,[0.00011698655784130096],bs_last,fp16,NVIDIA_A100-PCIE-40GB
"[[1, 64, 64, 12]]",25088,kernel,0.000169378,0.000169378,0,[0.00016937751322984696],bs_last,fp16,NVIDIA_A100-PCIE-40GB
"[[1, 64, 64, 16]]",25088,kernel,0.00020586,0.00020586,0,[0.0002058597281575203],bs_last,fp16,NVIDIA_A100-PCIE-40GB
"[[1, 64, 64, 24]]",25088,kernel,0.000293913,0.000293913,0,[0.0002939132042229176],bs_last,fp16,NVIDIA_A100-PCIE-40GB
"[[1, 64, 64, 32]]",25088,kernel,0.000393943,0.000393943,0,[0.00039394265040755273],bs_last,fp16,NVIDIA_A100-PCIE-40GB
"[[1, 64, 64, 48]]",25088,kernel,0.000639109,0.000639109,0,[0.0006391089968383313],bs_last,fp16,NVIDIA_A100-PCIE-40GB
"[[1, 64, 64, 64]]",25088,kernel,0.000801049,0.000801049,0,[0.0008010492101311684],bs_last,fp16,NVIDIA_A100-PCIE-40GB
"[[1, 64, 64, 96]]",25088,kernel,0.001213191,0.001213191,0,[0.0012131914123892785],bs_last,fp16,NVIDIA_A100-PCIE-40GB
"[[1, 64, 64, 128]]",25088,kernel,0.001599256,0.001599256,0,[0.0015992564335465431],bs_last,fp16,NVIDIA_A100-PCIE-40GB
"[[1, 64, 256, 2]]",25088,kernel,8.55E-05,8.55E-05,0,[8.55487957596779e-05],bs_last,fp16,NVIDIA_A100-PCIE-40GB
"[[1, 64, 256, 3]]",25088,kernel,0.000181717,0.000181717,0,[0.00018171686679124832],bs_last,fp16,NVIDIA_A100-PCIE-40GB
"[[1, 64, 256, 4]]",25088,kernel,0.000152625,0.000152625,0,[0.00015262464061379432],bs_last,fp16,NVIDIA_A100-PCIE-40GB
"[[1, 64, 256, 6]]",25088,kernel,0.000194614,0.000194614,0,[0.00019461361691355705],bs_last,fp16,NVIDIA_A100-PCIE-40GB
"[[1, 64, 256, 8]]",25088,kernel,0.00028936,0.00028936,0,[0.0002893599681556225],bs_last,fp16,NVIDIA_A100-PCIE-40GB
"[[1, 64, 256, 12]]",25088,kernel,0.000400954,0.000400954,0,[0.000400953758507967],bs_last,fp16,NVIDIA_A100-PCIE-40GB
"[[1, 64, 256, 16]]",25088,kernel,0.00060425,0.00060425,0,[0.000604249570518732],bs_last,fp16,NVIDIA_A100-PCIE-40GB
"[[1, 64, 256, 24]]",25088,kernel,0.000821955,0.000821955,0,[0.0008219553530216217],bs_last,fp16,NVIDIA_A100-PCIE-40GB
"[[1, 64, 256, 32]]",25088,kernel,0.001096724,0.001096724,0,[0.0010967236757278443],bs_last,fp16,NVIDIA_A100-PCIE-40GB
"[[1, 64, 256, 48]]",25088,kernel,0.001652616,0.001652616,0,[0.0016526158899068833],bs_last,fp16,NVIDIA_A100-PCIE-40GB
"[[1, 64, 256, 64]]",25088,kernel,0.002168485,0.002168485,0,[0.002168485466390848],bs_last,fp16,NVIDIA_A100-PCIE-40GB
"[[1, 64, 256, 96]]",25088,kernel,0.003240149,0.003240149,0,[0.0032401490584015847],bs_last,fp16,NVIDIA_A100-PCIE-40GB
"[[1, 64, 256, 128]]",25088,kernel,0.004345356,0.004345356,0,[0.004345356225967407],bs_last,fp16,NVIDIA_A100-PCIE-40GB
"[[1, 96, 96, 2]]",25088,kernel,5.27E-05,5.27E-05,0,[5.265895277261734e-05],bs_last,fp16,NVIDIA_A100-PCIE-40GB
"[[1, 96, 96, 3]]",25088,kernel,8.40E-05,8.40E-05,0,[8.398056030273438e-05],bs_last,fp16,NVIDIA_A100-PCIE-40GB
"[[1, 96, 96, 4]]",25088,kernel,9.29E-05,9.29E-05,0,[9.292518720030785e-05],bs_last,fp16,NVIDIA_A100-PCIE-40GB
"[[1, 96, 96, 6]]",25088,kernel,0.000170116,0.000170116,0,[0.00017011601477861404],bs_last,fp16,NVIDIA_A100-PCIE-40GB
"[[1, 96, 96, 8]]",25088,kernel,0.000182578,0.000182578,0,[0.00018257787451148033],bs_last,fp16,NVIDIA_A100-PCIE-40GB
"[[1, 96, 96, 12]]",25088,kernel,0.000318259,0.000318259,0,[0.00031825855374336244],bs_last,fp16,NVIDIA_A100-PCIE-40GB
"[[1, 96, 96, 16]]",25088,kernel,0.000399128,0.000399128,0,[0.0003991280868649483],bs_last,fp16,NVIDIA_A100-PCIE-40GB
"[[1, 96, 96, 24]]",25088,kernel,0.000565711,0.000565711,0,[0.0005657105892896652],bs_last,fp16,NVIDIA_A100-PCIE-40GB
"[[1, 96, 96, 32]]",25088,kernel,0.000900098,0.000900098,0,[0.0009000984206795692],bs_last,fp16,NVIDIA_A100-PCIE-40GB
"[[1, 96, 96, 48]]",25088,kernel,0.001157374,0.001157374,0,[0.0011573741026222706],bs_last,fp16,NVIDIA_A100-PCIE-40GB
"[[1, 96, 96, 64]]",25088,kernel,0.001541606,0.001541606,0,[0.0015416061505675316],bs_last,fp16,NVIDIA_A100-PCIE-40GB
"[[1, 96, 96, 96]]",25088,kernel,0.00277691,0.00277691,0,[0.002776909712702036],bs_last,fp16,NVIDIA_A100-PCIE-40GB
"[[1, 96, 96, 128]]",25088,kernel,0.003079042,0.003079042,0,[0.0030790423415601254],bs_last,fp16,NVIDIA_A100-PCIE-40GB
"[[1, 96, 384, 2]]",25088,kernel,0.00021293,0.00021293,0,[0.00021293003112077713],bs_last,fp16,NVIDIA_A100-PCIE-40GB
"[[1, 96, 384, 3]]",25088,kernel,0.000233087,0.000233087,0,[0.00023308727890253067],bs_last,fp16,NVIDIA_A100-PCIE-40GB
"[[1, 96, 384, 4]]",25088,kernel,0.000400729,0.000400729,0,[0.00040072882547974585],bs_last,fp16,NVIDIA_A100-PCIE-40GB
"[[1, 96, 384, 6]]",25088,kernel,0.000461212,0.000461212,0,[0.00046121206134557723],bs_last,fp16,NVIDIA_A100-PCIE-40GB
"[[1, 96, 384, 8]]",25088,kernel,0.000681153,0.000681153,0,[0.0006811531633138657],bs_last,fp16,NVIDIA_A100-PCIE-40GB
"[[1, 96, 384, 12]]",25088,kernel,0.001001984,0.001001984,0,[0.001001984104514122],bs_last,fp16,NVIDIA_A100-PCIE-40GB
"[[1, 96, 384, 16]]",25088,kernel,0.001226547,0.001226547,0,[0.0012265472486615182],bs_last,fp16,NVIDIA_A100-PCIE-40GB
"[[1, 96, 384, 24]]",25088,kernel,0.001969353,0.001969353,0,[0.001969353090971708],bs_last,fp16,NVIDIA_A100-PCIE-40GB
"[[1, 96, 384, 32]]",25088,kernel,0.00261618,0.00261618,0,[0.0026161796040832996],bs_last,fp16,NVIDIA_A100-PCIE-40GB
"[[1, 96, 384, 48]]",25088,kernel,0.003458453,0.003458453,0,[0.003458453305065632],bs_last,fp16,NVIDIA_A100-PCIE-40GB
"[[1, 96, 384, 64]]",25088,kernel,0.005242699,0.005242699,1.92E-06,"[0.005240779742598534, 0.005244617536664009]",bs_last,fp16,NVIDIA_A100-PCIE-40GB
"[[1, 96, 384, 96]]",25088,kernel,0.007878155,0.007878155,8.87E-06,"[0.007869280688464642, 0.007887028343975543]",bs_last,fp16,NVIDIA_A100-PCIE-40GB
"[[1, 96, 384, 128]]",25088,kernel,0.010521509,0.010521509,2.81E-07,"[0.010521790012717247, 0.010521228611469268]",bs_last,fp16,NVIDIA_A100-PCIE-40GB
"[[1, 128, 128, 2]]",25088,kernel,0.000115136,0.000115136,0,[0.00011513592675328254],bs_last,fp16,NVIDIA_A100-PCIE-40GB
"[[1, 128, 128, 3]]",25088,kernel,0.000111424,0.000111424,0,[0.00011142376810312271],bs_last,fp16,NVIDIA_A100-PCIE-40GB
"[[1, 128, 128, 4]]",25088,kernel,0.000149959,0.000149959,0,[0.00014995941892266275],bs_last,fp16,NVIDIA_A100-PCIE-40GB
"[[1, 128, 128, 6]]",25088,kernel,0.000233438,0.000233438,0,[0.0002334379032254219],bs_last,fp16,NVIDIA_A100-PCIE-40GB
"[[1, 128, 128, 8]]",25088,kernel,0.000295899,0.000295899,0,[0.0002958986163139343],bs_last,fp16,NVIDIA_A100-PCIE-40GB
"[[1, 128, 128, 12]]",25088,kernel,0.000468453,0.000468453,0,[0.00046845275908708573],bs_last,fp16,NVIDIA_A100-PCIE-40GB
"[[1, 128, 128, 16]]",25088,kernel,0.000593812,0.000593812,0,[0.0005938117951154709],bs_last,fp16,NVIDIA_A100-PCIE-40GB
"[[1, 128, 128, 24]]",25088,kernel,0.000911681,0.000911681,0,[0.0009116811491549016],bs_last,fp16,NVIDIA_A100-PCIE-40GB
"[[1, 128, 128, 32]]",25088,kernel,0.001214168,0.001214168,0,[0.001214167606085539],bs_last,fp16,NVIDIA_A100-PCIE-40GB
"[[1, 128, 128, 48]]",25088,kernel,0.00183345,0.00183345,0,[0.0018334502354264259],bs_last,fp16,NVIDIA_A100-PCIE-40GB
"[[1, 128, 128, 64]]",25088,kernel,0.002429471,0.002429471,0,[0.002429471481591463],bs_last,fp16,NVIDIA_A100-PCIE-40GB
"[[1, 128, 128, 96]]",25088,kernel,0.004587438,0.004587438,0,[0.00458743792027235],bs_last,fp16,NVIDIA_A100-PCIE-40GB
"[[1, 128, 128, 128]]",25088,kernel,0.004864779,0.004864779,1.78E-05,"[0.00488260630518198, 0.0048469526693224905]",bs_last,fp16,NVIDIA_A100-PCIE-40GB
"[[1, 128, 512, 2]]",25088,kernel,0.000262844,0.000262844,0,[0.0002628437429666519],bs_last,fp16,NVIDIA_A100-PCIE-40GB
"[[1, 128, 512, 3]]",25088,kernel,0.000359074,0.000359074,0,[0.00035907449200749396],bs_last,fp16,NVIDIA_A100-PCIE-40GB
"[[1, 128, 512, 4]]",25088,kernel,0.00051006,0.00051006,0,[0.0005100595578551293],bs_last,fp16,NVIDIA_A100-PCIE-40GB
"[[1, 128, 512, 6]]",25088,kernel,0.000746499,0.000746499,0,[0.0007464987225830555],bs_last,fp16,NVIDIA_A100-PCIE-40GB
"[[1, 128, 512, 8]]",25088,kernel,0.000983225,0.000983225,0,[0.0009832245111465454],bs_last,fp16,NVIDIA_A100-PCIE-40GB
"[[1, 128, 512, 12]]",25088,kernel,0.00149501,0.00149501,0,[0.0014950097724795342],bs_last,fp16,NVIDIA_A100-PCIE-40GB
"[[1, 128, 512, 16]]",25088,kernel,0.001857056,0.001857056,0,[0.0018570564687252044],bs_last,fp16,NVIDIA_A100-PCIE-40GB
"[[1, 128, 512, 24]]",25088,kernel,0.002862409,0.002862409,0,[0.0028624089248478414],bs_last,fp16,NVIDIA_A100-PCIE-40GB
"[[1, 128, 512, 32]]",25088,kernel,0.003799876,0.003799876,0,[0.0037998758628964425],bs_last,fp16,NVIDIA_A100-PCIE-40GB
"[[1, 128, 512, 48]]",25088,kernel,0.005963042,0.005963042,0.000314896,"[0.00627793800085783, 0.005648145265877247]",bs_last,fp16,NVIDIA_A100-PCIE-40GB
"[[1, 128, 512, 64]]",25088,kernel,0.007444119,0.007444119,9.09E-05,"[0.00735321007668972, 0.0075350278988480564]",bs_last,fp16,NVIDIA_A100-PCIE-40GB
"[[1, 128, 512, 96]]",25088,kernel,0.011577561,0.011577561,3.66E-06,"[0.01158121582120657, 0.011573905684053898]",bs_last,fp16,NVIDIA_A100-PCIE-40GB
"[[1, 128, 512, 128]]",25088,kernel,0.015546649,0.015546649,1.83E-05,"[0.015564903058111668, 0.015528395399451255]",bs_last,fp16,NVIDIA_A100-PCIE-40GB
"[[1, 192, 48, 2]]",25088,kernel,7.18E-05,7.18E-05,0,[7.177134975790977e-05],bs_last,fp16,NVIDIA_A100-PCIE-40GB
"[[1, 192, 48, 3]]",25088,kernel,0.000142382,0.000142382,0,[0.00014238180592656134],bs_last,fp16,NVIDIA_A100-PCIE-40GB
"[[1, 192, 48, 4]]",25088,kernel,0.000147663,0.000147663,0,[0.0001476629264652729],bs_last,fp16,NVIDIA_A100-PCIE-40GB
"[[1, 192, 48, 6]]",25088,kernel,0.00026686,0.00026686,0,[0.0002668599598109722],bs_last,fp16,NVIDIA_A100-PCIE-40GB
"[[1, 192, 48, 8]]",25088,kernel,0.00029443,0.00029443,0,[0.0002944302372634411],bs_last,fp16,NVIDIA_A100-PCIE-40GB
"[[1, 192, 48, 12]]",25088,kernel,0.000445059,0.000445059,0,[0.0004450591281056404],bs_last,fp16,NVIDIA_A100-PCIE-40GB
"[[1, 192, 48, 16]]",25088,kernel,0.000598578,0.000598578,0,[0.0005985775776207447],bs_last,fp16,NVIDIA_A100-PCIE-40GB
"[[1, 192, 48, 24]]",25088,kernel,0.00093943,0.00093943,0,[0.0009394301101565361],bs_last,fp16,NVIDIA_A100-PCIE-40GB
"[[1, 192, 48, 32]]",25088,kernel,0.001321483,0.001321483,0,[0.0013214832544326783],bs_last,fp16,NVIDIA_A100-PCIE-40GB
"[[1, 192, 48, 48]]",25088,kernel,0.002143117,0.002143117,0,[0.002143117096275091],bs_last,fp16,NVIDIA_A100-PCIE-40GB
"[[1, 192, 48, 64]]",25088,kernel,0.002866865,0.002866865,0,[0.002866864986717701],bs_last,fp16,NVIDIA_A100-PCIE-40GB
"[[1, 192, 48, 96]]",25088,kernel,0.004421024,0.004421024,0,[0.004421023782342672],bs_last,fp16,NVIDIA_A100-PCIE-40GB
"[[1, 192, 48, 128]]",25088,kernel,0.005773269,0.005773269,3.16E-05,"[0.005741689912974834, 0.005804848484694957]",bs_last,fp16,NVIDIA_A100-PCIE-40GB
"[[1, 192, 192, 2]]",25088,kernel,0.000152324,0.000152324,0,[0.00015232414007186889],bs_last,fp16,NVIDIA_A100-PCIE-40GB
"[[1, 192, 192, 3]]",25088,kernel,0.000261738,0.000261738,0,[0.0002617379277944565],bs_last,fp16,NVIDIA_A100-PCIE-40GB
"[[1, 192, 192, 4]]",25088,kernel,0.000315152,0.000315152,0,[0.0003151516243815422],bs_last,fp16,NVIDIA_A100-PCIE-40GB
"[[1, 192, 192, 6]]",25088,kernel,0.00047118,0.00047118,0,[0.00047118041664361953],bs_last,fp16,NVIDIA_A100-PCIE-40GB
"[[1, 192, 192, 8]]",25088,kernel,0.00059914,0.00059914,0,[0.0005991398356854916],bs_last,fp16,NVIDIA_A100-PCIE-40GB
"[[1, 192, 192, 12]]",25088,kernel,0.000932069,0.000932069,0,[0.0009320689737796783],bs_last,fp16,NVIDIA_A100-PCIE-40GB
"[[1, 192, 192, 16]]",25088,kernel,0.001240325,0.001240325,0,[0.001240324880927801],bs_last,fp16,NVIDIA_A100-PCIE-40GB
"[[1, 192, 192, 24]]",25088,kernel,0.001784202,0.001784202,0,[0.0017842018418014049],bs_last,fp16,NVIDIA_A100-PCIE-40GB
"[[1, 192, 192, 32]]",25088,kernel,0.002368957,0.002368957,0,[0.0023689571395516394],bs_last,fp16,NVIDIA_A100-PCIE-40GB
"[[1, 192, 192, 48]]",25088,kernel,0.003556011,0.003556011,0,[0.003556010890752077],bs_last,fp16,NVIDIA_A100-PCIE-40GB
"[[1, 192, 192, 64]]",25088,kernel,0.004815607,0.004815607,0,[0.004815606717020273],bs_last,fp16,NVIDIA_A100-PCIE-40GB
"[[1, 192, 192, 96]]",25088,kernel,0.007309855,0.007309855,3.05E-05,"[0.007340344041585923, 0.007279365509748459]",bs_last,fp16,NVIDIA_A100-PCIE-40GB
"[[1, 192, 192, 128]]",25088,kernel,0.009789443,0.009789443,3.03E-05,"[0.009819708205759526, 0.009759178757667542]",bs_last,fp16,NVIDIA_A100-PCIE-40GB
"[[1, 192, 768, 2]]",25088,kernel,0.000514742,0.000514742,0,[0.0005147424712777138],bs_last,fp16,NVIDIA_A100-PCIE-40GB
"[[1, 192, 768, 3]]",25088,kernel,0.000815871,0.000815871,0,[0.0008158712647855282],bs_last,fp16,NVIDIA_A100-PCIE-40GB
"[[1, 192, 768, 4]]",25088,kernel,0.001004469,0.001004469,0,[0.0010044687055051327],bs_last,fp16,NVIDIA_A100-PCIE-40GB
"[[1, 192, 768, 6]]",25088,kernel,0.00152486,0.00152486,0,[0.0015248595550656318],bs_last,fp16,NVIDIA_A100-PCIE-40GB
"[[1, 192, 768, 8]]",25088,kernel,0.002006553,0.002006553,0,[0.0020065532065927983],bs_last,fp16,NVIDIA_A100-PCIE-40GB
"[[1, 192, 768, 12]]",25088,kernel,0.002994534,0.002994534,0,[0.0029945335909724235],bs_last,fp16,NVIDIA_A100-PCIE-40GB
"[[1, 192, 768, 16]]",25088,kernel,0.004012866,0.004012866,0,[0.004012865796685219],bs_last,fp16,NVIDIA_A100-PCIE-40GB
"[[1, 192, 768, 24]]",25088,kernel,0.00616973,0.00616973,1.45E-07,"[0.0061698747798800465, 0.006169585138559341]",bs_last,fp16,NVIDIA_A100-PCIE-40GB
"[[1, 192, 768, 32]]",25088,kernel,0.008016522,0.008016522,2.64E-06,"[0.008019164390861987, 0.00801388006657362]",bs_last,fp16,NVIDIA_A100-PCIE-40GB
"[[1, 192, 768, 48]]",25088,kernel,0.012368139,0.012368139,3.21E-05,"[0.01233599502593279, 0.012400282360613347]",bs_last,fp16,NVIDIA_A100-PCIE-40GB
"[[1, 192, 768, 64]]",25088,kernel,0.016839606,0.016839606,2.40E-06,"[0.016837202198803424, 0.016842009872198103]",bs_last,fp16,NVIDIA_A100-PCIE-40GB
"[[1, 192, 768, 96]]",25088,kernel,0.026654735,0.026654735,0.000382374,"[0.026272361725568773, 0.02703710924834013]",bs_last,fp16,NVIDIA_A100-PCIE-40GB
"[[1, 256, 64, 2]]",25088,kernel,9.54E-05,9.54E-05,0,[9.536797180771828e-05],bs_last,fp16,NVIDIA_A100-PCIE-40GB
"[[1, 256, 64, 3]]",25088,kernel,0.000141015,0.000141015,0,[0.0001410147175192833],bs_last,fp16,NVIDIA_A100-PCIE-40GB
"[[1, 256, 64, 4]]",25088,kernel,0.000209675,0.000209675,0,[0.00020967520773410798],bs_last,fp16,NVIDIA_A100-PCIE-40GB
"[[1, 256, 64, 6]]",25088,kernel,0.000284738,0.000284738,0,[0.0002847380377352238],bs_last,fp16,NVIDIA_A100-PCIE-40GB
"[[1, 256, 64, 8]]",25088,kernel,0.000387697,0.000387697,0,[0.00038769660517573356],bs_last,fp16,NVIDIA_A100-PCIE-40GB
"[[1, 256, 64, 12]]",25088,kernel,0.000565873,0.000565873,0,[0.0005658734403550625],bs_last,fp16,NVIDIA_A100-PCIE-40GB
"[[1, 256, 64, 16]]",25088,kernel,0.000754055,0.000754055,0,[0.0007540551945567131],bs_last,fp16,NVIDIA_A100-PCIE-40GB
"[[1, 256, 64, 24]]",25088,kernel,0.00115244,0.00115244,0,[0.0011524402722716332],bs_last,fp16,NVIDIA_A100-PCIE-40GB
"[[1, 256, 64, 32]]",25088,kernel,0.001566059,0.001566059,0,[0.0015660594776272774],bs_last,fp16,NVIDIA_A100-PCIE-40GB
"[[1, 256, 64, 48]]",25088,kernel,0.002338431,0.002338431,0,[0.002338431440293789],bs_last,fp16,NVIDIA_A100-PCIE-40GB
"[[1, 256, 64, 64]]",25088,kernel,0.003102215,0.003102215,0,[0.0031022146716713907],bs_last,fp16,NVIDIA_A100-PCIE-40GB
"[[1, 256, 64, 96]]",25088,kernel,0.005013363,0.005013363,0,[0.005013362634927034],bs_last,fp16,NVIDIA_A100-PCIE-40GB
"[[1, 256, 64, 128]]",25088,kernel,0.006240797,0.006240797,2.70E-05,"[0.006213763542473316, 0.006267830915749073]",bs_last,fp16,NVIDIA_A100-PCIE-40GB
"[[1, 256, 256, 2]]",25088,kernel,0.00027331,0.00027331,0,[0.000273310411721468],bs_last,fp16,NVIDIA_A100-PCIE-40GB
"[[1, 256, 256, 3]]",25088,kernel,0.000395334,0.000395334,0,[0.0003953337669372559],bs_last,fp16,NVIDIA_A100-PCIE-40GB
"[[1, 256, 256, 4]]",25088,kernel,0.000523502,0.000523502,0,[0.0005235023610293865],bs_last,fp16,NVIDIA_A100-PCIE-40GB
"[[1, 256, 256, 6]]",25088,kernel,0.000774068,0.000774068,0,[0.0007740677148103714],bs_last,fp16,NVIDIA_A100-PCIE-40GB
"[[1, 256, 256, 8]]",25088,kernel,0.00103071,0.00103071,0,[0.0010307103767991067],bs_last,fp16,NVIDIA_A100-PCIE-40GB
"[[1, 256, 256, 12]]",25088,kernel,0.001488852,0.001488852,0,[0.0014888515137135982],bs_last,fp16,NVIDIA_A100-PCIE-40GB
"[[1, 256, 256, 16]]",25088,kernel,0.002053173,0.002053173,0,[0.002053172830492258],bs_last,fp16,NVIDIA_A100-PCIE-40GB
"[[1, 256, 256, 24]]",25088,kernel,0.003739474,0.003739474,6.74E-06,"[0.0037462085485458372, 0.003732738457620144]",bs_last,fp16,NVIDIA_A100-PCIE-40GB
"[[1, 256, 256, 32]]",25088,kernel,0.004071912,0.004071912,0,[0.004071911573410034],bs_last,fp16,NVIDIA_A100-PCIE-40GB
"[[1, 256, 256, 48]]",25088,kernel,0.006063067,0.006063067,3.12E-05,"[0.006031901203095913, 0.006094232760369777]",bs_last,fp16,NVIDIA_A100-PCIE-40GB
"[[1, 256, 256, 64]]",25088,kernel,0.008137436,0.008137436,4.30E-05,"[0.008180388808250427, 0.008094483241438865]",bs_last,fp16,NVIDIA_A100-PCIE-40GB
"[[1, 256, 256, 96]]",25088,kernel,0.012267851,0.012267851,4.18E-05,"[0.012226062640547753, 0.012309640273451805]",bs_last,fp16,NVIDIA_A100-PCIE-40GB
"[[1, 256, 256, 128]]",25088,kernel,0.016523211,0.016523211,7.37E-07,"[0.01652394812554121, 0.01652247365564108]",bs_last,fp16,NVIDIA_A100-PCIE-40GB
"[[1, 256, 1024, 2]]",25088,kernel,0.000945219,0.000945219,0,[0.0009452193416655064],bs_last,fp16,NVIDIA_A100-PCIE-40GB
"[[1, 256, 1024, 3]]",25088,kernel,0.001390895,0.001390895,0,[0.0013908947445452214],bs_last,fp16,NVIDIA_A100-PCIE-40GB
"[[1, 256, 1024, 4]]",25088,kernel,0.001833683,0.001833683,0,[0.001833682954311371],bs_last,fp16,NVIDIA_A100-PCIE-40GB
"[[1, 256, 1024, 6]]",25088,kernel,0.002708838,0.002708838,0,[0.0027088375203311445],bs_last,fp16,NVIDIA_A100-PCIE-40GB
"[[1, 256, 1024, 8]]",25088,kernel,0.003485244,0.003485244,0,[0.0034852439723908903],bs_last,fp16,NVIDIA_A100-PCIE-40GB
"[[1, 256, 1024, 12]]",25088,kernel,0.00527566,0.00527566,0,[0.005275659747421741],bs_last,fp16,NVIDIA_A100-PCIE-40GB
"[[1, 256, 1024, 16]]",25088,kernel,0.00715116,0.00715116,2.89E-05,"[0.0071222342550754545, 0.007180086150765419]",bs_last,fp16,NVIDIA_A100-PCIE-40GB
"[[1, 256, 1024, 24]]",25088,kernel,0.010736864,0.010736864,2.43E-06,"[0.010734437964856625, 0.01073928941041231]",bs_last,fp16,NVIDIA_A100-PCIE-40GB
"[[1, 256, 1024, 32]]",25088,kernel,0.014333418,0.014333418,2.16E-06,"[0.014331255853176118, 0.014335580356419086]",bs_last,fp16,NVIDIA_A100-PCIE-40GB
"[[1, 256, 1024, 48]]",25088,kernel,0.022566377,0.022566377,0.000370181,"[0.022196196019649506, 0.02293655723333359]",bs_last,fp16,NVIDIA_A100-PCIE-40GB
"[[1, 256, 1024, 64]]",25088,kernel,0.030779803,0.030779803,6.84E-05,"[0.030711393989622592, 0.030848212353885174]",bs_last,fp16,NVIDIA_A100-PCIE-40GB
"[[1, 384, 96, 2]]",25088,kernel,0.00018559,0.00018559,0,[0.00018559033051133156],bs_last,fp16,NVIDIA_A100-PCIE-40GB
"[[1, 384, 96, 3]]",25088,kernel,0.000293785,0.000293785,0,[0.00029378527775406836],bs_last,fp16,NVIDIA_A100-PCIE-40GB
"[[1, 384, 96, 4]]",25088,kernel,0.000385275,0.000385275,0,[0.0003852745331823826],bs_last,fp16,NVIDIA_A100-PCIE-40GB
"[[1, 384, 96, 6]]",25088,kernel,0.000571548,0.000571548,0,[0.0005715475790202618],bs_last,fp16,NVIDIA_A100-PCIE-40GB
"[[1, 384, 96, 8]]",25088,kernel,0.00076442,0.00076442,0,[0.0007644201815128327],bs_last,fp16,NVIDIA_A100-PCIE-40GB
"[[1, 384, 96, 12]]",25088,kernel,0.001141648,0.001141648,0,[0.0011416476592421532],bs_last,fp16,NVIDIA_A100-PCIE-40GB
"[[1, 384, 96, 16]]",25088,kernel,0.001515833,0.001515833,0,[0.0015158330276608468],bs_last,fp16,NVIDIA_A100-PCIE-40GB
"[[1, 384, 96, 24]]",25088,kernel,0.002311665,0.002311665,0,[0.0023116653971374033],bs_last,fp16,NVIDIA_A100-PCIE-40GB
"[[1, 384, 96, 32]]",25088,kernel,0.00315196,0.00315196,0,[0.0031519597209990024],bs_last,fp16,NVIDIA_A100-PCIE-40GB
"[[1, 384, 96, 48]]",25088,kernel,0.004962849,0.004962849,0,[0.004962849114090204],bs_last,fp16,NVIDIA_A100-PCIE-40GB
"[[1, 384, 96, 64]]",25088,kernel,0.006573538,0.006573538,3.72E-05,"[0.006536292284727097, 0.00661078430712223]",bs_last,fp16,NVIDIA_A100-PCIE-40GB
"[[1, 384, 96, 96]]",25088,kernel,0.009456619,0.009456619,2.04E-05,"[0.009477032721042633, 0.00943620465695858]",bs_last,fp16,NVIDIA_A100-PCIE-40GB
"[[1, 384, 96, 128]]",25088,kernel,0.01257866,0.01257866,7.28E-06,"[0.01257137842476368, 0.012585940770804882]",bs_last,fp16,NVIDIA_A100-PCIE-40GB
"[[1, 384, 384, 2]]",25088,kernel,0.000558139,0.000558139,0,[0.000558138731867075],bs_last,fp16,NVIDIA_A100-PCIE-40GB
"[[1, 384, 384, 3]]",25088,kernel,0.000823237,0.000823237,0,[0.0008232365734875203],bs_last,fp16,NVIDIA_A100-PCIE-40GB
"[[1, 384, 384, 4]]",25088,kernel,0.001060103,0.001060103,0,[0.0010601030476391315],bs_last,fp16,NVIDIA_A100-PCIE-40GB
"[[1, 384, 384, 6]]",25088,kernel,0.001576798,0.001576798,0,[0.001576798427850008],bs_last,fp16,NVIDIA_A100-PCIE-40GB
"[[1, 384, 384, 8]]",25088,kernel,0.002301653,0.002301653,0,[0.002301653102040291],bs_last,fp16,NVIDIA_A100-PCIE-40GB
"[[1, 384, 384, 12]]",25088,kernel,0.003820381,0.003820381,0,[0.0038203812018036843],bs_last,fp16,NVIDIA_A100-PCIE-40GB
"[[1, 384, 384, 16]]",25088,kernel,0.004229765,0.004229765,0,[0.004229765404015779],bs_last,fp16,NVIDIA_A100-PCIE-40GB
"[[1, 384, 384, 24]]",25088,kernel,0.00641343,0.00641343,9.44E-07,"[0.006412486173212528, 0.006414374522864819]",bs_last,fp16,NVIDIA_A100-PCIE-40GB
"[[1, 384, 384, 32]]",25088,kernel,0.008521499,0.008521499,7.70E-05,"[0.008444449491798877, 0.008598547987639904]",bs_last,fp16,NVIDIA_A100-PCIE-40GB
"[[1, 384, 384, 48]]",25088,kernel,0.012894933,0.012894933,4.53E-07,"[0.01289538536220789, 0.012894480302929879]",bs_last,fp16,NVIDIA_A100-PCIE-40GB
"[[1, 384, 384, 64]]",25088,kernel,0.016993751,0.016993751,2.47E-05,"[0.016969023272395134, 0.01701847929507494]",bs_last,fp16,NVIDIA_A100-PCIE-40GB
"[[1, 384, 384, 96]]",25088,kernel,0.027588596,0.027588596,0.000234608,"[0.027353988401591776, 0.027823203802108766]",bs_last,fp16,NVIDIA_A100-PCIE-40GB
"[[1, 384, 384, 128]]",25088,kernel,0.03715674,0.03715674,6.59E-05,"[0.03722265381366015, 0.037090826965868476]",bs_last,fp16,NVIDIA_A100-PCIE-40GB
"[[1, 512, 128, 2]]",25088,kernel,0.000292055,0.000292055,0,[0.0002920545823872089],bs_last,fp16,NVIDIA_A100-PCIE-40GB
"[[1, 512, 128, 3]]",25088,kernel,0.000442624,0.000442624,0,[0.0004426237195730209],bs_last,fp16,NVIDIA_A100-PCIE-40GB
"[[1, 512, 128, 4]]",25088,kernel,0.000588686,0.000588686,0,[0.0005886861868202686],bs_last,fp16,NVIDIA_A100-PCIE-40GB
"[[1, 512, 128, 6]]",25088,kernel,0.000873538,0.000873538,0,[0.0008735380508005619],bs_last,fp16,NVIDIA_A100-PCIE-40GB
"[[1, 512, 128, 8]]",25088,kernel,0.001143244,0.001143244,0,[0.001143244281411171],bs_last,fp16,NVIDIA_A100-PCIE-40GB
"[[1, 512, 128, 12]]",25088,kernel,0.00174247,0.00174247,0,[0.0017424699105322362],bs_last,fp16,NVIDIA_A100-PCIE-40GB
"[[1, 512, 128, 16]]",25088,kernel,0.002311205,0.002311205,0,[0.002311205230653286],bs_last,fp16,NVIDIA_A100-PCIE-40GB
"[[1, 512, 128, 24]]",25088,kernel,0.003462477,0.003462477,0,[0.003462477158755064],bs_last,fp16,NVIDIA_A100-PCIE-40GB
"[[1, 512, 128, 32]]",25088,kernel,0.006505972,0.006505972,7.18E-06,"[0.0064987968653440475, 0.0065131478011608126]",bs_last,fp16,NVIDIA_A100-PCIE-40GB
"[[1, 512, 128, 48]]",25088,kernel,0.006915028,0.006915028,1.02E-05,"[0.006904853880405426, 0.006925201788544655]",bs_last,fp16,NVIDIA_A100-PCIE-40GB
"[[1, 512, 128, 64]]",25088,kernel,0.009194843,0.009194843,1.86E-06,"[0.009192979522049427, 0.009196707047522068]",bs_last,fp16,NVIDIA_A100-PCIE-40GB
"[[1, 512, 128, 96]]",25088,kernel,0.014155124,0.014155124,1.65E-05,"[0.014138581417500972, 0.014171666838228703]",bs_last,fp16,NVIDIA_A100-PCIE-40GB
"[[1, 512, 128, 128]]",25088,kernel,0.019226266,0.019226266,3.92E-05,"[0.01918706241995096, 0.019265470467507838]",bs_last,fp16,NVIDIA_A100-PCIE-40GB
"[[1, 512, 512, 2]]",25088,kernel,0.00099089,0.00099089,0,[0.0009908903948962688],bs_last,fp16,NVIDIA_A100-PCIE-40GB
"[[1, 512, 512, 3]]",25088,kernel,0.001367604,0.001367604,0,[0.0013676038570702076],bs_last,fp16,NVIDIA_A100-PCIE-40GB
"[[1, 512, 512, 4]]",25088,kernel,0.001809786,0.001809786,0,[0.0018097857572138309],bs_last,fp16,NVIDIA_A100-PCIE-40GB
"[[1, 512, 512, 6]]",25088,kernel,0.00275859,0.00275859,0,[0.0027585899271070956],bs_last,fp16,NVIDIA_A100-PCIE-40GB
"[[1, 512, 512, 8]]",25088,kernel,0.004266395,0.004266395,0,[0.004266395047307014],bs_last,fp16,NVIDIA_A100-PCIE-40GB
"[[1, 512, 512, 12]]",25088,kernel,0.005358132,0.005358132,3.77E-05,"[0.0053204337134957315, 0.005395829677581787]",bs_last,fp16,NVIDIA_A100-PCIE-40GB
"[[1, 512, 512, 16]]",25088,kernel,0.007305646,0.007305646,1.68E-06,"[0.007307327538728714, 0.007303963601589203]",bs_last,fp16,NVIDIA_A100-PCIE-40GB
"[[1, 512, 512, 24]]",25088,kernel,0.010786573,0.010786573,4.06E-05,"[0.010827175155282021, 0.010745971836149693]",bs_last,fp16,NVIDIA_A100-PCIE-40GB
"[[1, 512, 512, 32]]",25088,kernel,0.014792276,0.014792276,7.34E-06,"[0.014784931391477584, 0.014799621142446994]",bs_last,fp16,NVIDIA_A100-PCIE-40GB
"[[1, 512, 512, 48]]",25088,kernel,0.023069919,0.023069919,5.90E-07,"[0.02306932881474495, 0.023070509359240533]",bs_last,fp16,NVIDIA_A100-PCIE-40GB
"[[1, 512, 512, 64]]",25088,kernel,0.031800644,0.031800644,0.000450483,"[0.03135016113519669, 0.032251127250492576]",bs_last,fp16,NVIDIA_A100-PCIE-40GB
"[[1, 512, 512, 96]]",25088,kernel,0.048024129,0.048024129,0.000463288,"[0.04848741628229618, 0.04756084103137255]",bs_last,fp16,NVIDIA_A100-PCIE-40GB
"[[1, 512, 512, 128]]",25088,kernel,0.063660242,0.063660242,0.000205206,"[0.06345503591001034, 0.0638654487207532]",bs_last,fp16,NVIDIA_A100-PCIE-40GB
"[[1, 768, 192, 2]]",25088,kernel,0.000604066,0.000604066,0,[0.0006040655262768269],bs_last,fp16,NVIDIA_A100-PCIE-40GB
"[[1, 768, 192, 3]]",25088,kernel,0.000887837,0.000887837,0,[0.0008878367580473423],bs_last,fp16,NVIDIA_A100-PCIE-40GB
"[[1, 768, 192, 4]]",25088,kernel,0.001179279,0.001179279,0,[0.001179279275238514],bs_last,fp16,NVIDIA_A100-PCIE-40GB
"[[1, 768, 192, 6]]",25088,kernel,0.001806212,0.001806212,5.22E-05,"[0.001858372800052166, 0.0017540512792766094]",bs_last,fp16,NVIDIA_A100-PCIE-40GB
"[[1, 768, 192, 8]]",25088,kernel,0.002368197,0.002368197,0,[0.0023681971617043017],bs_last,fp16,NVIDIA_A100-PCIE-40GB
"[[1, 768, 192, 12]]",25088,kernel,0.003502036,0.003502036,0,[0.003502035513520241],bs_last,fp16,NVIDIA_A100-PCIE-40GB
"[[1, 768, 192, 16]]",25088,kernel,0.004677182,0.004677182,0,[0.004677181802690029],bs_last,fp16,NVIDIA_A100-PCIE-40GB
"[[1, 768, 192, 24]]",25088,kernel,0.006992261,0.006992261,1.11E-06,"[0.006993369571864605, 0.006991152092814446]",bs_last,fp16,NVIDIA_A100-PCIE-40GB
"[[1, 768, 192, 32]]",25088,kernel,0.009358273,0.009358273,3.38E-05,"[0.009324448369443416, 0.009392098151147365]",bs_last,fp16,NVIDIA_A100-PCIE-40GB
"[[1, 768, 192, 48]]",25088,kernel,0.014198553,0.014198553,1.99E-06,"[0.014196566864848137, 0.014200539141893388]",bs_last,fp16,NVIDIA_A100-PCIE-40GB
"[[1, 768, 192, 64]]",25088,kernel,0.019222886,0.019222886,5.70E-05,"[0.019165842235088347, 0.019279930740594864]",bs_last,fp16,NVIDIA_A100-PCIE-40GB
"[[1, 768, 192, 96]]",25088,kernel,0.030835172,0.030835172,0.000475806,"[0.030359365977346897, 0.031310977227985856]",bs_last,fp16,NVIDIA_A100-PCIE-40GB
"[[1, 768, 768, 2]]",25088,kernel,0.001978916,0.001978916,0,[0.0019789156690239906],bs_last,fp16,NVIDIA_A100-PCIE-40GB
"[[1, 768, 768, 3]]",25088,kernel,0.00299988,0.00299988,0,[0.0029998802952468395],bs_last,fp16,NVIDIA_A100-PCIE-40GB
"[[1, 768, 768, 4]]",25088,kernel,0.003933179,0.003933179,0,[0.00393317935988307],bs_last,fp16,NVIDIA_A100-PCIE-40GB
"[[1, 768, 768, 6]]",25088,kernel,0.005930096,0.005930096,1.08E-05,"[0.005919303186237812, 0.005940888822078705]",bs_last,fp16,NVIDIA_A100-PCIE-40GB
"[[1, 768, 768, 8]]",25088,kernel,0.00795808,0.00795808,2.32E-05,"[0.007981249503791333, 0.00793490968644619]",bs_last,fp16,NVIDIA_A100-PCIE-40GB
"[[1, 768, 768, 12]]",25088,kernel,0.012011232,0.012011232,9.48E-05,"[0.012105999514460564, 0.011916464753448963]",bs_last,fp16,NVIDIA_A100-PCIE-40GB
"[[1, 768, 768, 16]]",25088,kernel,0.016506861,0.016506861,0.000403289,"[0.016103571467101573, 0.016910150460898877]",bs_last,fp16,NVIDIA_A100-PCIE-40GB
"[[1, 768, 768, 24]]",25088,kernel,0.025118553,0.025118553,1.05E-07,"[0.025118448212742804, 0.025118657387793064]",bs_last,fp16,NVIDIA_A100-PCIE-40GB
"[[1, 768, 768, 32]]",25088,kernel,0.034637352,0.034637352,0.000388599,"[0.03424875326454639, 0.035025950707495215]",bs_last,fp16,NVIDIA_A100-PCIE-40GB
"[[1, 768, 768, 48]]",25088,kernel,0.051520766,0.051404105,0.000134356,"[0.05196057818830013, 0.05198463797569275, 0.051615262404084206, 0.05139186605811119, 0.05138378217816353, 0.05139433220028877, 0.05140392854809761, 0.05139418691396713, 0.051404280588030815, 0.0514127891510725, 0.05140376463532448, 0.051499782130122185]",bs_last,fp16,NVIDIA_A100-PCIE-40GB
"[[1, 768, 768, 64]]",25088,kernel,0.069359393,0.06908568,0.000738909,"[0.06871750578284264, 0.0692715048789978, 0.06860530003905296, 0.06851338781416416, 0.06847945041954517, 0.06846987642347813, 0.06908567994832993, 0.0736420601606369, 0.06967339664697647, 0.0691701602190733, 0.06932500191032887]",bs_last,fp16,NVIDIA_A100-PCIE-40GB
"[[1, 768, 768, 96]]",25088,kernel,0.103765574,0.103441969,0.001265874,"[0.10269248113036156, 0.10269112698733807, 0.1026970874518156, 0.10456909239292145, 0.1082315519452095, 0.10345984064042568, 0.10397597961127758, 0.10394533723592758, 0.10344196856021881, 0.102687768638134, 0.10302907973527908]",bs_last,fp16,NVIDIA_A100-PCIE-40GB
"[[1, 1024, 256, 2]]",25088,kernel,0.00097948,0.00097948,0,[0.0009794802777469158],bs_last,fp16,NVIDIA_A100-PCIE-40GB
"[[1, 1024, 256, 3]]",25088,kernel,0.001484354,0.001484354,0,[0.0014843541383743287],bs_last,fp16,NVIDIA_A100-PCIE-40GB
"[[1, 1024, 256, 4]]",25088,kernel,0.001968176,0.001968176,0,[0.001968175619840622],bs_last,fp16,NVIDIA_A100-PCIE-40GB
"[[1, 1024, 256, 6]]",25088,kernel,0.002949364,0.002949364,0,[0.0029493642784655092],bs_last,fp16,NVIDIA_A100-PCIE-40GB
"[[1, 1024, 256, 8]]",25088,kernel,0.003951811,0.003951811,0,[0.003951810896396637],bs_last,fp16,NVIDIA_A100-PCIE-40GB
"[[1, 1024, 256, 12]]",25088,kernel,0.005895805,0.005895805,1.27E-06,"[0.005894536711275577, 0.00589707363396883]",bs_last,fp16,NVIDIA_A100-PCIE-40GB
"[[1, 1024, 256, 16]]",25088,kernel,0.007872137,0.007872137,0,[0.007872136533260346],bs_last,fp16,NVIDIA_A100-PCIE-40GB
"[[1, 1024, 256, 24]]",25088,kernel,0.011884295,0.011884295,1.75E-05,"[0.011866807378828526, 0.011901783011853694]",bs_last,fp16,NVIDIA_A100-PCIE-40GB
"[[1, 1024, 256, 32]]",25088,kernel,0.015786454,0.015786454,2.46E-05,"[0.015761875547468662, 0.015811033174395563]",bs_last,fp16,NVIDIA_A100-PCIE-40GB
"[[1, 1024, 256, 48]]",25088,kernel,0.025167663,0.025167663,1.82E-06,"[0.025165839307010173, 0.0251694867387414]",bs_last,fp16,NVIDIA_A100-PCIE-40GB
"[[1, 1024, 256, 64]]",25088,kernel,0.034511949,0.034511949,0.000248023,"[0.034263926558196545, 0.034759972058236596]",bs_last,fp16,NVIDIA_A100-PCIE-40GB
"[[1, 1024, 1024, 2]]",25088,kernel,0.003656939,0.003656939,0,[0.003656938951462507],bs_last,fp16,NVIDIA_A100-PCIE-40GB
"[[1, 1024, 1024, 3]]",25088,kernel,0.005788046,0.005788046,1.10E-05,"[0.005799035541713238, 0.005777055583894253]",bs_last,fp16,NVIDIA_A100-PCIE-40GB
"[[1, 1024, 1024, 4]]",25088,kernel,0.006858953,0.006858953,3.80E-05,"[0.00689693633466959, 0.00682097040116787]",bs_last,fp16,NVIDIA_A100-PCIE-40GB
"[[1, 1024, 1024, 6]]",25088,kernel,0.010277981,0.010277981,1.84E-06,"[0.01027982570230961, 0.010276136361062527]",bs_last,fp16,NVIDIA_A100-PCIE-40GB
"[[1, 1024, 1024, 8]]",25088,kernel,0.013899865,0.013899865,9.47E-07,"[0.013898918405175209, 0.013900811783969402]",bs_last,fp16,NVIDIA_A100-PCIE-40GB
"[[1, 1024, 1024, 12]]",25088,kernel,0.021306629,0.021306629,1.75E-06,"[0.021308379992842675, 0.021304877102375032]",bs_last,fp16,NVIDIA_A100-PCIE-40GB
"[[1, 1024, 1024, 16]]",25088,kernel,0.029986091,0.029986091,0.000120228,"[0.029865863360464574, 0.03010631911456585]",bs_last,fp16,NVIDIA_A100-PCIE-40GB
"[[1, 1024, 1024, 24]]",25088,kernel,0.045397657,0.045397657,0.000282306,"[0.04567996263504028, 0.04511535111814737]",bs_last,fp16,NVIDIA_A100-PCIE-40GB
"[[1, 1024, 1024, 32]]",25088,kernel,0.060625712,0.060625712,0.000141874,"[0.060483838245272634, 0.060767585411667824]",bs_last,fp16,NVIDIA_A100-PCIE-40GB
"[[1, 1024, 1024, 48]]",25088,kernel,0.090857615,0.090762747,0.001173615,"[0.09076274745166302, 0.08986243791878223, 0.08977214992046356, 0.08974749408662319, 0.09215093776583672, 0.09314193017780781, 0.09085898846387863, 0.09084804356098175, 0.09043514914810658, 0.09025160223245621, 0.09160228259861469]",bs_last,fp16,NVIDIA_A100-PCIE-40GB
"[[1, 1024, 1024, 64]]",25088,kernel,0.109071713,0.108434749,0.00063358,"[0.10842707101255655, 0.10843650496099144, 0.108434748952277, 0.11242476594634354, 0.1104518580250442, 0.10833573201671243, 0.10840670892503113, 0.10920631804037839, 0.1088705500587821, 0.1083915870403871, 0.10840299900155514]",bs_last,fp16,NVIDIA_A100-PCIE-40GB